node_id,x,y,degree,degree_centrality,betweenness_centrality,node_type
66528,787265.989774,1437182.808968,4,2.9663907923229807e-05,0.16126022373603252,intersection
51882,786661.92712,1436942.529753,3,2.2247930942422355e-05,0.16051157772010274,endpoint
106652,786459.706974,1436866.903578,3,2.2247930942422355e-05,0.15067360969246396,intersection
37073,787993.483814,1437530.091463,3,2.2247930942422355e-05,0.14573474232223982,endpoint
6700,788248.726075,1437662.278883,4,2.9663907923229807e-05,0.14505687220511157,intersection
66527,788111.759167,1437589.821411,3,2.2247930942422355e-05,0.1449893245138459,intersection
46482,787052.377517,1437099.43179,3,2.2247930942422355e-05,0.1429967915656449,endpoint
106710,787262.740217,1437193.591076,4,2.9663907923229807e-05,0.14299344892488997,intersection
84345,786840.04127,1437016.446167,4,2.9663907923229807e-05,0.14293970784646445,endpoint
73003,788919.870322,1438009.224408,3,2.2247930942422355e-05,0.14203603450908317,endpoint
56023,788309.630239,1437705.923629,3,2.2247930942422355e-05,0.14202435795983512,endpoint
72998,788537.530094,1437820.802421,3,2.2247930942422355e-05,0.14201862721512404,intersection
6701,788243.647047,1437671.480907,3,2.2247930942422355e-05,0.1420176662947074,endpoint
56024,788596.849691,1437851.866264,3,2.2247930942422355e-05,0.14201032557932738,endpoint
56025,788581.614866,1437877.147396,3,2.2247930942422355e-05,0.1419850438802375,intersection
73002,788789.185847,1437949.825489,3,2.2247930942422355e-05,0.1419842350866748,intersection
72996,788264.122135,1437682.909039,3,2.2247930942422355e-05,0.14198412111006067,intersection
56026,788771.538734,1437970.110608,4,2.9663907923229807e-05,0.14198267075000465,endpoint
72997,788288.876067,1437695.234274,3,2.2247930942422355e-05,0.14197477690976848,intersection
102227,789105.365623,1438096.774743,3,2.2247930942422355e-05,0.14190191557934517,endpoint
50280,780836.721224,1435005.545132,3,2.2247930942422355e-05,0.13259978038813122,intersection
9569,780642.485972,1434741.959182,4,2.9663907923229807e-05,0.13197448969865908,endpoint
1356,780856.658841,1435046.805911,2,1.4831953961614903e-05,0.13190319217802773,endpoint
1357,780964.332902,1435439.510031,2,1.4831953961614903e-05,0.13190274721610906,endpoint
108379,780994.733173,1435678.775271,3,2.2247930942422355e-05,0.13190263215455536,intersection
15386,780552.120461,1434635.281159,3,2.2247930942422355e-05,0.1318599993580802,endpoint
85537,780479.174031,1434561.292396,4,2.9663907923229807e-05,0.13178032305435158,intersection
9450,780473.868229,1434557.762694,4,2.9663907923229807e-05,0.13175696523853322,endpoint
25016,780810.550114,1434996.556494,3,2.2247930942422355e-05,0.1317302561299021,endpoint
9568,780716.115407,1434834.154492,3,2.2247930942422355e-05,0.1317087860489903,intersection
9567,780763.551638,1434892.719586,3,2.2247930942422355e-05,0.1313967928980314,endpoint
49925,780766.340077,1434896.102063,3,2.2247930942422355e-05,0.1312502499387154,intersection
2765,780814.653732,1434947.347876,4,2.9663907923229807e-05,0.1312340107663948,endpoint
13792,781005.307922,1435715.05937,3,2.2247930942422355e-05,0.13093992884578334,endpoint
25035,780999.496624,1435696.12603,3,2.2247930942422355e-05,0.130939706364824,endpoint
81484,785653.493121,1431812.906645,4,2.9663907923229807e-05,0.12730608335571475,endpoint
49923,782927.843007,1435837.992962,4,2.9663907923229807e-05,0.1252048895157171,endpoint
81477,785662.310921,1431799.115241,4,2.9663907923229807e-05,0.12268956823700927,endpoint
104403,782263.916349,1435992.025934,4,2.9663907923229807e-05,0.12259411443502706,endpoint
123717,782871.034252,1435851.460025,2,1.4831953961614903e-05,0.12245043150788983,endpoint
81478,785543.9906,1431799.889938,3,2.2247930942422355e-05,0.12222535735159835,endpoint
81482,785229.382775,1431774.45796,3,2.2247930942422355e-05,0.12214912472738827,intersection
81479,785484.801215,1431796.790025,3,2.2247930942422355e-05,0.12208407752052548,intersection
81480,785457.593605,1431796.465805,3,2.2247930942422355e-05,0.12207987249536345,intersection
26388,785426.836237,1431794.998063,3,2.2247930942422355e-05,0.12207329048748433,endpoint
81481,785288.991556,1431793.790681,3,2.2247930942422355e-05,0.12207016204050222,intersection
76451,785373.363606,1431795.610404,3,2.2247930942422355e-05,0.1220638420372994,endpoint
93826,786451.598107,1436863.675549,3,2.2247930942422355e-05,0.11280606106079215,endpoint
36143,785332.654874,1431354.28388,4,2.9663907923229807e-05,0.11238534795650834,intersection
84088,785716.910411,1430843.090414,4,2.9663907923229807e-05,0.11236214957211108,endpoint
35192,785771.814905,1430312.047348,4,2.9663907923229807e-05,0.11226663682281598,intersection
84075,785716.562311,1430850.53716,4,2.9663907923229807e-05,0.11224582522674656,endpoint
36145,785476.932126,1431209.595184,3,2.2247930942422355e-05,0.11221767534229292,intersection
36144,785415.421823,1431272.627938,3,2.2247930942422355e-05,0.11221572353324347,intersection
2292,785764.612623,1430373.535315,3,2.2247930942422355e-05,0.11210195271770272,endpoint
75730,785749.696114,1430524.104294,3,2.2247930942422355e-05,0.1120552170506953,endpoint
36146,785692.603752,1430957.52883,3,2.2247930942422355e-05,0.11193005369403496,intersection
36147,785714.358229,1430870.562835,3,2.2247930942422355e-05,0.11190043192850567,endpoint
29628,785387.724715,1431400.116554,4,2.9663907923229807e-05,0.10820884596065122,intersection
84233,785342.104845,1431536.686703,3,2.2247930942422355e-05,0.10792401259533262,intersection
74682,785358.825662,1431379.450049,3,2.2247930942422355e-05,0.10777817901931698,endpoint
29629,785373.242884,1431389.229449,2,1.4831953961614903e-05,0.10777774889616742,endpoint
75861,780884.475039,1443128.355003,4,2.9663907923229807e-05,0.1069004433674214,intersection
75917,779070.768369,1440173.539788,4,2.9663907923229807e-05,0.10508020823503028,endpoint
13408,777284.875029,1434051.762814,4,2.9663907923229807e-05,0.1047425639021033,endpoint
51149,775305.625898,1433052.092123,3,2.2247930942422355e-05,0.10260555139105101,endpoint
75918,779243.907364,1440184.391847,3,2.2247930942422355e-05,0.10211591178526079,intersection
75921,779522.093368,1440193.420328,3,2.2247930942422355e-05,0.10211402069710641,intersection
75920,779479.392766,1440193.308576,3,2.2247930942422355e-05,0.1021079766310444,intersection
75919,779387.679312,1440191.515815,3,2.2247930942422355e-05,0.10209818746883353,intersection
107464,779782.770073,1440191.879342,3,2.2247930942422355e-05,0.1019763978244147,endpoint
75922,779683.606787,1440191.493385,2,1.4831953961614903e-05,0.10195052879289637,endpoint
120778,780090.016312,1440180.441213,3,2.2247930942422355e-05,0.10192862522932733,endpoint
75850,780218.99212,1440173.880712,3,2.2247930942422355e-05,0.10185256096938045,endpoint
132009,781791.446664,1429360.242397,4,2.9663907923229807e-05,0.10153539634726413,intersection
79377,778382.517932,1434415.222635,4,2.9663907923229807e-05,0.10117579730692323,intersection
79376,778635.048847,1434514.680926,4,2.9663907923229807e-05,0.10110162189995553,intersection
79378,778213.261249,1434360.6705,4,2.9663907923229807e-05,0.10099636531325853,intersection
114527,775285.255323,1433103.761487,3,2.2247930942422355e-05,0.0998237450348562,endpoint
18331,782130.965755,1429353.723275,4,2.9663907923229807e-05,0.09967427218979572,intersection
84414,777310.08965,1434079.43481,3,2.2247930942422355e-05,0.09902536450271415,intersection
10149,777447.285981,1434173.771901,3,2.2247930942422355e-05,0.09902454868817276,endpoint
18326,782120.708634,1429353.893808,4,2.9663907923229807e-05,0.09812189342801744,intersection
76102,786034.072258,1441545.395076,3,2.2247930942422355e-05,0.09757978774781535,endpoint
74788,781887.618349,1436011.646055,3,2.2247930942422355e-05,0.09738974176508294,endpoint
28430,785254.43487,1430211.292079,5,3.7079884904037255e-05,0.09696708816021037,endpoint
10543,780268.893724,1440408.539606,4,2.9663907923229807e-05,0.09672291163550986,endpoint
76089,788961.351088,1438442.297716,4,2.9663907923229807e-05,0.09663068119849413,intersection
74866,788954.8601,1438465.734603,3,2.2247930942422355e-05,0.0963744726719096,endpoint
74865,788930.443578,1438821.677466,3,2.2247930942422355e-05,0.0963722041606992,endpoint
75729,785527.678877,1430241.852729,4,2.9663907923229807e-05,0.0963428698321772,endpoint
75862,780931.153408,1443292.406365,4,2.9663907923229807e-05,0.09592545416604525,intersection
79789,784322.56197,1429855.517352,3,2.2247930942422355e-05,0.09568313315993003,endpoint
79788,784350.017903,1429809.458459,3,2.2247930942422355e-05,0.0956054287212255,intersection
79787,784365.117869,1429784.472562,3,2.2247930942422355e-05,0.09560231661604639,intersection
35530,784410.892731,1429708.744835,3,2.2247930942422355e-05,0.09559949518522753,endpoint
75852,780256.585285,1440743.767913,2,1.4831953961614903e-05,0.09546103366405796,intersection
75853,780262.315681,1440835.651522,2,1.4831953961614903e-05,0.09545706608694977,intersection
75854,780326.20121,1441095.294178,3,2.2247930942422355e-05,0.09545332099080091,endpoint
75856,780343.533319,1441170.886089,4,2.9663907923229807e-05,0.09470932948725147,intersection
75855,780328.813315,1441111.671096,2,1.4831953961614903e-05,0.09469122427886624,endpoint
50894,780361.347957,1434534.195519,3,2.2247930942422355e-05,0.09461493885998001,endpoint
9451,780418.79844,1434545.293694,3,2.2247930942422355e-05,0.0941911266866423,endpoint
13409,777065.074869,1434120.67479,4,2.9663907923229807e-05,0.09400435231677501,intersection
13410,777039.648658,1434117.398446,3,2.2247930942422355e-05,0.09381579651874199,intersection
76104,788046.114203,1440756.05772,4,2.9663907923229807e-05,0.09350139137691094,intersection
75678,782022.839133,1443408.867791,3,2.2247930942422355e-05,0.09345646087704933,intersection
107258,783111.278856,1443332.46953,3,2.2247930942422355e-05,0.09338419726130066,endpoint
75682,781323.195491,1443212.240968,3,2.2247930942422355e-05,0.09333881566852971,endpoint
75679,781856.400523,1443369.723144,2,1.4831953961614903e-05,0.09333699662182883,endpoint
4838,782324.848143,1429352.876855,4,2.9663907923229807e-05,0.0932970477008371,intersection
75677,782767.611264,1443407.412216,2,1.4831953961614903e-05,0.09329562939154394,endpoint
132262,780993.124369,1443311.180955,4,2.9663907923229807e-05,0.09329435047182516,intersection
132860,781177.683143,1443263.181532,2,1.4831953961614903e-05,0.09329247551270894,endpoint
132905,781297.405285,1443225.206051,2,1.4831953961614903e-05,0.09329068283521554,endpoint
33448,780349.857022,1441196.32481,4,2.9663907923229807e-05,0.09314992158919688,intersection
21883,780434.434502,1441555.363192,4,2.9663907923229807e-05,0.09265100590864152,intersection
50193,780396.522317,1441390.06139,3,2.2247930942422355e-05,0.09264366863145714,endpoint
50192,780387.311237,1441346.993998,2,1.4831953961614903e-05,0.09262570539128472,endpoint
83903,775365.821949,1433048.317604,3,2.2247930942422355e-05,0.09258073800258668,intersection
29842,786427.804099,1432626.146044,4,2.9663907923229807e-05,0.09257613480958381,intersection
75692,783459.857777,1443249.866326,4,2.9663907923229807e-05,0.09255527050078441,intersection
75871,780408.191859,1441450.721872,2,1.4831953961614903e-05,0.09255083846783668,endpoint
104337,782235.230971,1429353.264984,2,1.4831953961614903e-05,0.09252386565873612,endpoint
75693,783187.846354,1443312.888238,2,1.4831953961614903e-05,0.09245217412894471,endpoint
75691,783466.114771,1443248.092942,4,2.9663907923229807e-05,0.09243333664156533,intersection
53091,774975.693282,1432062.372307,3,2.2247930942422355e-05,0.09233354758665266,endpoint
75872,780466.795597,1441658.612254,4,2.9663907923229807e-05,0.09231898063315845,intersection
133940,781985.587303,1429357.107409,2,1.4831953961614903e-05,0.09230854766837657,endpoint
88541,775340.383066,1432944.576108,2,1.4831953961614903e-05,0.09229614471817124,endpoint
88543,775345.94933,1432896.822209,2,1.4831953961614903e-05,0.092292734357273,endpoint
88542,775259.212176,1432392.675197,2,1.4831953961614903e-05,0.09228947231701433,endpoint
50944,780674.435523,1442161.472498,4,2.9663907923229807e-05,0.09225395315319676,intersection
49486,786705.289529,1441339.641105,4,2.9663907923229807e-05,0.0922302851393662,intersection
49485,786433.782997,1441447.046207,3,2.2247930942422355e-05,0.09203176544279892,endpoint
3052,786605.753551,1434265.539623,4,2.9663907923229807e-05,0.09193762571295297,intersection
81487,785720.216528,1431813.00696,2,1.4831953961614903e-05,0.09191308377885833,endpoint
58337,785865.942573,1431834.44573,2,1.4831953961614903e-05,0.09190982072478805,endpoint
75868,780525.404471,1441806.841112,3,2.2247930942422355e-05,0.09189683271519282,endpoint
75873,780494.364893,1441730.883772,2,1.4831953961614903e-05,0.09183522319000485,endpoint
75866,780649.354186,1442111.765015,2,1.4831953961614903e-05,0.09180865343155666,endpoint
75867,780698.038073,1442208.249249,2,1.4831953961614903e-05,0.09176967880701388,endpoint
75869,780834.512052,1442873.487962,2,1.4831953961614903e-05,0.09176698899217216,endpoint
75860,780848.681527,1442948.465936,2,1.4831953961614903e-05,0.091764348884788,endpoint
9172,781089.639015,1435763.295589,4,2.9663907923229807e-05,0.0914870989610914,intersection
76079,785576.831425,1441691.371985,4,2.9663907923229807e-05,0.09105987629685246,intersection
6484,787165.591683,1441129.477724,3,2.2247930942422355e-05,0.09103185721192605,endpoint
76080,785582.67526,1441688.889796,2,1.4831953961614903e-05,0.09100215842577379,endpoint
76082,785867.918257,1441585.483593,2,1.4831953961614903e-05,0.09100200713872145,endpoint
18543,784594.810261,1429439.345988,4,2.9663907923229807e-05,0.09059980966950015,intersection
53193,786439.930281,1432646.821895,3,2.2247930942422355e-05,0.09047760588897634,endpoint
107818,780949.215294,1443291.191697,4,2.9663907923229807e-05,0.09035572933750502,intersection
1154,777640.873352,1434242.983905,4,2.9663907923229807e-05,0.09019601915355657,intersection
121759,784336.265353,1429863.0082,4,2.9663907923229807e-05,0.0901257311245767,endpoint
1153,777472.283458,1434189.497738,2,1.4831953961614903e-05,0.09004719420106568,endpoint
76086,788030.840719,1440762.959014,2,1.4831953961614903e-05,0.08960920905943663,endpoint
76085,787930.186747,1440800.964574,2,1.4831953961614903e-05,0.08960763156327574,endpoint
76101,787732.231281,1440884.517468,2,1.4831953961614903e-05,0.08960673445451242,endpoint
93879,779060.801829,1440172.675113,4,2.9663907923229807e-05,0.0893658494187433,endpoint
76116,789130.66793,1438157.066431,4,2.9663907923229807e-05,0.0892674044614422,intersection
28431,784759.774949,1430082.506696,3,2.2247930942422355e-05,0.08894711088800869,intersection
6419,786566.633893,1433956.244469,3,2.2247930942422355e-05,0.08888958264202125,endpoint
5648,786573.781923,1433795.288081,3,2.2247930942422355e-05,0.08888444464152886,endpoint
58341,786565.867871,1433573.66502,3,2.2247930942422355e-05,0.08887494481947497,intersection
58342,786568.568742,1433606.472457,3,2.2247930942422355e-05,0.08887405489563763,intersection
58338,786452.810876,1433350.556542,3,2.2247930942422355e-05,0.08883943248214406,intersection
27285,786471.469834,1433382.610038,3,2.2247930942422355e-05,0.08882574225168317,endpoint
58340,786498.461939,1433430.956784,2,1.4831953961614903e-05,0.08881104092039187,intersection
58339,786490.349509,1433416.414963,2,1.4831953961614903e-05,0.08880877684945271,intersection
58343,786573.280297,1433703.121654,3,2.2247930942422355e-05,0.0887895820238085,intersection
108345,784019.939935,1443129.018597,3,2.2247930942422355e-05,0.08870322334101398,endpoint
76058,785391.919088,1441875.386362,3,2.2247930942422355e-05,0.0886852765879211,intersection
121002,784379.211864,1443144.662642,3,2.2247930942422355e-05,0.08859938367344541,intersection
75690,783872.215699,1443118.948141,2,1.4831953961614903e-05,0.08859530378458284,endpoint
75688,784621.176234,1443042.314781,4,2.9663907923229807e-05,0.08856345094775671,intersection
65130,788916.336727,1438853.280465,3,2.2247930942422355e-05,0.08851654935437754,endpoint
75703,788806.005316,1439810.999369,3,2.2247930942422355e-05,0.08851439298109662,endpoint
75689,784445.885353,1443146.890484,2,1.4831953961614903e-05,0.08845680780656767,endpoint
76057,785400.86626,1441855.175968,3,2.2247930942422355e-05,0.0884454501531813,endpoint
88128,785543.299892,1441690.540732,3,2.2247930942422355e-05,0.08843805266128331,intersection
75833,780939.802403,1443291.824717,4,2.9663907923229807e-05,0.08841282093987027,intersection
74689,785763.937086,1430296.711391,4,2.9663907923229807e-05,0.08807658520239098,intersection
5550,786568.280138,1433991.277238,3,2.2247930942422355e-05,0.0880664561319858,endpoint
58344,786567.331593,1433982.211822,2,1.4831953961614903e-05,0.08806314363770232,endpoint
5662,786570.324561,1434002.512724,3,2.2247930942422355e-05,0.08806262451546386,endpoint
74688,785526.104054,1430254.556319,3,2.2247930942422355e-05,0.08787274043984654,intersection
49487,786715.037836,1441335.39183,4,2.9663907923229807e-05,0.08768289361767558,intersection
79945,783220.176913,1429342.467584,4,2.9663907923229807e-05,0.08729675330443108,intersection
76100,787147.981757,1441137.098962,3,2.2247930942422355e-05,0.08729499393548928,intersection
3050,786601.550596,1434236.779478,4,2.9663907923229807e-05,0.08729320605555442,intersection
75912,778373.692041,1440099.522227,3,2.2247930942422355e-05,0.08637976859093385,endpoint
1156,777953.28197,1434295.070228,4,2.9663907923229807e-05,0.08622033396514751,intersection
84417,778312.724888,1440100.357055,3,2.2247930942422355e-05,0.08558778208410874,endpoint
12828,778650.957627,1440138.296142,4,2.9663907923229807e-05,0.08550960269170585,intersection
2651,786589.902224,1434566.864119,4,2.9663907923229807e-05,0.08547123821409744,endpoint
121707,786595.40428,1434477.94804,3,2.2247930942422355e-05,0.08542423486743878,endpoint
79786,784461.964621,1429624.924896,4,2.9663907923229807e-05,0.08525180320470883,intersection
49512,788609.341502,1440526.307698,3,2.2247930942422355e-05,0.08524197466431949,intersection
129620,779029.665817,1440169.980042,2,1.4831953961614903e-05,0.08523255087393515,endpoint
121785,779023.657629,1440169.465388,2,1.4831953961614903e-05,0.0852298563823165,endpoint
121784,779017.161375,1440168.912587,2,1.4831953961614903e-05,0.08522726077112423,endpoint
12827,778651.303804,1440131.199049,4,2.9663907923229807e-05,0.08522122881953509,intersection
75661,788795.594117,1440138.703576,3,2.2247930942422355e-05,0.08520093157594355,intersection
49513,788622.504252,1440520.522687,2,1.4831953961614903e-05,0.08519930019933503,endpoint
2763,786604.892857,1434256.486479,4,2.9663907923229807e-05,0.08519808973196988,intersection
12826,778559.622663,1440122.753267,3,2.2247930942422355e-05,0.08518933141386592,endpoint
29539,781974.11818,1435992.845135,4,2.9663907923229807e-05,0.0850300228831899,endpoint
80972,781959.62902,1435982.856154,3,2.2247930942422355e-05,0.08484490026037732,endpoint
130947,784805.607761,1442807.551841,3,2.2247930942422355e-05,0.08475427321823394,intersection
104451,784815.375838,1442799.206232,2,1.4831953961614903e-05,0.08475274434986013,endpoint
76059,784846.752506,1442779.482493,2,1.4831953961614903e-05,0.08475267018954036,endpoint
49488,787102.032508,1441156.978943,3,2.2247930942422355e-05,0.08466997059960138,endpoint
28433,784513.740565,1429969.43857,3,2.2247930942422355e-05,0.08448143922003029,intersection
28432,784689.948998,1430066.912627,3,2.2247930942422355e-05,0.08446738277932794,intersection
132197,784352.538395,1429871.942341,2,1.4831953961614903e-05,0.08443479235413826,endpoint
28434,784377.458911,1429886.876494,2,1.4831953961614903e-05,0.0844346440334987,endpoint
3051,786605.4395,1434262.236308,4,2.9663907923229807e-05,0.08388561813458072,intersection
76078,785568.618124,1441694.860613,4,2.9663907923229807e-05,0.08330509599435965,intersection
49517,788815.100119,1439812.234864,3,2.2247930942422355e-05,0.08320952579217555,endpoint
49516,788799.804391,1440074.582131,3,2.2247930942422355e-05,0.08320762209961026,intersection
16477,781119.086384,1436046.986583,5,3.7079884904037255e-05,0.08280777933010738,endpoint
79387,779051.803927,1434611.363648,4,2.9663907923229807e-05,0.08202744674990085,intersection
49514,788797.085047,1440121.75894,4,2.9663907923229807e-05,0.08172474492435094,endpoint
49515,788798.881176,1440101.584869,4,2.9663907923229807e-05,0.08164215405764086,intersection
79386,778806.070697,1434584.011475,4,2.9663907923229807e-05,0.08121740307468052,intersection
7070,783227.889474,1429342.361748,4,2.9663907923229807e-05,0.08093562123766862,intersection
79379,778111.977612,1434325.71946,4,2.9663907923229807e-05,0.08050379177124335,intersection
79388,779216.807811,1434624.991973,4,2.9663907923229807e-05,0.080478162915065,intersection
102226,789083.380339,1438090.699317,3,2.2247930942422355e-05,0.08040822582304501,intersection
3053,786606.740104,1434275.916607,4,2.9663907923229807e-05,0.08032554541397495,intersection
3054,786607.507716,1434311.385882,3,2.2247930942422355e-05,0.08030304475185858,endpoint
2158,786600.781142,1434408.470334,2,1.4831953961614903e-05,0.08029629287486272,endpoint
2159,786596.221515,1434467.173902,2,1.4831953961614903e-05,0.08029366760160633,endpoint
76077,785562.084333,1441697.635863,4,2.9663907923229807e-05,0.07975365052403428,intersection
53244,779564.86058,1434583.780291,4,2.9663907923229807e-05,0.0796490582878586,intersection
22907,781480.003482,1435932.916351,3,2.2247930942422355e-05,0.07955764407751084,endpoint
22906,781877.522516,1436015.849422,2,1.4831953961614903e-05,0.07955545800590864,endpoint
25005,781288.274329,1435804.303053,4,2.9663907923229807e-05,0.0795054589272005,endpoint
25004,781379.070725,1435825.229911,3,2.2247930942422355e-05,0.0795043900623024,endpoint
75218,781466.342886,1435917.235041,2,1.4831953961614903e-05,0.07950335986050776,intersection
77826,781266.753395,1435799.31307,2,1.4831953961614903e-05,0.07945008180848688,endpoint
37464,775377.359002,1435524.960087,5,3.7079884904037255e-05,0.07936173436943315,endpoint
79375,778774.979579,1434566.884489,4,2.9663907923229807e-05,0.07900149523326587,intersection
76076,785552.050562,1441701.897742,4,2.9663907923229807e-05,0.07894250625308687,intersection
76110,788420.956213,1440594.214227,3,2.2247930942422355e-05,0.07874784526832629,intersection
76111,788606.096847,1440516.874757,3,2.2247930942422355e-05,0.07868922864313645,intersection
72986,786452.835519,1436854.26743,4,2.9663907923229807e-05,0.07853809315072792,endpoint
26973,786459.030334,1436731.040181,3,2.2247930942422355e-05,0.07849733750869242,endpoint
9174,781071.936367,1435697.703182,2,1.4831953961614903e-05,0.0784845088260586,endpoint
2809,786461.411654,1436677.2404,4,2.9663907923229807e-05,0.07845657240655246,intersection
79804,786480.990322,1436405.420529,4,2.9663907923229807e-05,0.07825406448109969,intersection
79805,786469.755006,1436561.441535,3,2.2247930942422355e-05,0.07825042645955708,intersection
79803,786489.865946,1436232.990835,4,2.9663907923229807e-05,0.07823860498144863,endpoint
56158,774784.003582,1431818.561503,4,2.9663907923229807e-05,0.0775752286751364,intersection
129597,780055.768954,1429375.155266,3,2.2247930942422355e-05,0.07739894055401074,intersection
80213,779993.286818,1429375.212072,3,2.2247930942422355e-05,0.07739775398889427,endpoint
6505,780163.793494,1429375.04843,3,2.2247930942422355e-05,0.07739545134767817,endpoint
94993,780347.962753,1429374.691544,4,2.9663907923229807e-05,0.07731633825964827,endpoint
21281,781957.672789,1437402.018704,3,2.2247930942422355e-05,0.07687670785500716,endpoint
381,775890.680664,1433385.512419,3,2.2247930942422355e-05,0.07599361356502529,endpoint
121214,775776.373543,1433318.444477,3,2.2247930942422355e-05,0.07598510638991579,endpoint
126973,775760.302416,1433307.823844,3,2.2247930942422355e-05,0.07597820610105975,endpoint
380,775904.733065,1433389.515595,3,2.2247930942422355e-05,0.07594331080386453,intersection
1155,777652.695191,1434245.781684,4,2.9663907923229807e-05,0.07583617693450043,intersection
80254,783777.953932,1429332.442854,4,2.9663907923229807e-05,0.0754127004355194,intersection
79389,779224.667361,1434625.741356,4,2.9663907923229807e-05,0.0752886293505962,intersection
108431,784798.435396,1442795.809483,4,2.9663907923229807e-05,0.0749255621453772,endpoint
25459,776901.305056,1434049.73006,4,2.9663907923229807e-05,0.07489187757413945,endpoint
51150,775358.807715,1433044.008304,3,2.2247930942422355e-05,0.07480971037991516,endpoint
66529,787260.834281,1437180.596634,4,2.9663907923229807e-05,0.0747765117083564,endpoint
39973,776762.272881,1434043.31493,3,2.2247930942422355e-05,0.07475698292514452,endpoint
39659,776695.308598,1434054.191539,3,2.2247930942422355e-05,0.0746740867905387,intersection
76105,788056.309736,1440751.450889,4,2.9663907923229807e-05,0.07456361770185709,intersection
79390,779781.739118,1434528.530143,4,2.9663907923229807e-05,0.07407341990082661,intersection
129387,786117.014792,1436731.472832,3,2.2247930942422355e-05,0.07406163696870638,endpoint
75202,786361.690448,1436827.540105,3,2.2247930942422355e-05,0.07403199674412682,endpoint
93825,786124.61799,1436734.263769,2,1.4831953961614903e-05,0.07402838380547089,endpoint
9194,781826.033375,1437041.297383,4,2.9663907923229807e-05,0.07397671551485346,endpoint
35093,781848.897111,1437101.873418,3,2.2247930942422355e-05,0.07392388943433398,endpoint
2508,786567.446969,1435145.017297,4,2.9663907923229807e-05,0.07359093106802042,endpoint
35069,781862.44995,1437137.612946,3,2.2247930942422355e-05,0.07351177698735449,endpoint
53259,779321.020279,1434636.306222,3,2.2247930942422355e-05,0.07318839794537056,endpoint
81174,786555.40924,1435329.303895,4,2.9663907923229807e-05,0.07304473613189123,endpoint
18173,779982.873447,1429388.125305,4,2.9663907923229807e-05,0.07296349046533414,endpoint
88188,775213.858239,1431336.838285,3,2.2247930942422355e-05,0.07293771032091767,endpoint
88189,775403.04525,1431224.898453,4,2.9663907923229807e-05,0.07277364444768326,endpoint
2510,786555.810268,1435324.127086,4,2.9663907923229807e-05,0.07274118548440801,endpoint
88604,775486.52838,1431183.507863,3,2.2247930942422355e-05,0.07272952465845993,endpoint
3046,786528.497512,1435728.501738,4,2.9663907923229807e-05,0.07272466045907508,intersection
3047,786543.483835,1435524.750649,3,2.2247930942422355e-05,0.07265231540172871,endpoint
76109,788362.528877,1440618.567327,2,1.4831953961614903e-05,0.07250939652999533,endpoint
76106,788070.496855,1440745.040467,2,1.4831953961614903e-05,0.07250835828551842,endpoint
39834,775307.029413,1433150.170783,3,2.2247930942422355e-05,0.07243112688877289,endpoint
58317,781918.358094,1437283.400315,3,2.2247930942422355e-05,0.0720127143508171,endpoint
18179,780989.486177,1429370.02252,3,2.2247930942422355e-05,0.07192133151493724,intersection
127520,780354.815877,1429374.572484,4,2.9663907923229807e-05,0.07186112029854537,endpoint
106655,786945.058064,1437056.958123,3,2.2247930942422355e-05,0.07175706734744929,endpoint
123673,786935.359658,1437053.126691,3,2.2247930942422355e-05,0.07170640276157096,endpoint
46481,787046.158562,1437114.943379,3,2.2247930942422355e-05,0.07155241777493532,intersection
84347,786854.140708,1437035.56727,2,1.4831953961614903e-05,0.07147518699654307,endpoint
84348,786992.332635,1437091.944558,2,1.4831953961614903e-05,0.07147173134701544,endpoint
123327,786890.165801,1437035.221577,2,1.4831953961614903e-05,0.07144977859659271,endpoint
18183,780691.317703,1429368.41554,3,2.2247930942422355e-05,0.07131803841766156,intersection
6087,785595.425343,1436655.085587,3,2.2247930942422355e-05,0.0713027084633722,intersection
73031,779245.047058,1428200.420231,4,2.9663907923229807e-05,0.07128108453169373,endpoint
6996,780648.296391,1429369.34269,3,2.2247930942422355e-05,0.07115181131493525,endpoint
18182,780753.46701,1429374.467521,3,2.2247930942422355e-05,0.07113034106787067,intersection
18180,780926.439903,1429372.130539,3,2.2247930942422355e-05,0.07111821217396731,intersection
52879,775550.109986,1431140.978994,4,2.9663907923229807e-05,0.07076012090254606,endpoint
25840,775108.110589,1433447.242347,4,2.9663907923229807e-05,0.07073761026209636,intersection
39993,776570.380144,1434014.000977,4,2.9663907923229807e-05,0.0707200869821575,intersection
39658,776694.975609,1434017.968414,4,2.9663907923229807e-05,0.07063545225161098,intersection
26484,775175.509519,1433381.877564,3,2.2247930942422355e-05,0.07062224454521128,endpoint
25841,775170.983003,1433386.171859,2,1.4831953961614903e-05,0.07061740159199016,endpoint
6091,786111.063975,1436729.518208,3,2.2247930942422355e-05,0.07028183392594457,endpoint
88186,775202.518879,1431342.714429,4,2.9663907923229807e-05,0.07022625673535358,intersection
27495,780271.671534,1440163.094744,4,2.9663907923229807e-05,0.07003885504368133,intersection
64986,775706.698603,1431029.669121,3,2.2247930942422355e-05,0.07003863579191251,endpoint
80203,779939.459925,1431546.840144,6,4.449586188484471e-05,0.06997803506740147,intersection
34955,775750.709543,1430998.635627,3,2.2247930942422355e-05,0.06988207211395808,endpoint
91412,775855.733488,1430920.343761,3,2.2247930942422355e-05,0.06980319043541604,endpoint
23762,784733.696391,1442874.038096,3,2.2247930942422355e-05,0.06942090130600242,endpoint
76115,789193.578185,1438143.845865,4,2.9663907923229807e-05,0.06939924981967908,intersection
26419,775855.742004,1430914.023146,3,2.2247930942422355e-05,0.0693175522601621,endpoint
106955,779976.666559,1429692.715993,4,2.9663907923229807e-05,0.06925409223669118,endpoint
91466,784629.426741,1443017.449713,3,2.2247930942422355e-05,0.06921924135236625,intersection
108432,784775.899784,1442821.259539,2,1.4831953961614903e-05,0.06915439739771517,endpoint
106851,781995.681063,1437516.705087,3,2.2247930942422355e-05,0.06913652001263097,endpoint
378,776008.53087,1433448.885792,4,2.9663907923229807e-05,0.06906670049530479,intersection
379,775913.916489,1433392.938963,3,2.2247930942422355e-05,0.06904895145877096,intersection
104336,783783.18775,1429331.951162,4,2.9663907923229807e-05,0.06893780229308732,intersection
1336,780337.616279,1434557.655937,4,2.9663907923229807e-05,0.06879716809530134,endpoint
49924,782940.123095,1435834.675743,4,2.9663907923229807e-05,0.06878864968272592,endpoint
1117,781998.756407,1437525.968917,3,2.2247930942422355e-05,0.06861063646720297,endpoint
9437,780200.370222,1434569.971293,3,2.2247930942422355e-05,0.06850251830167486,endpoint
9453,780164.655034,1434569.609897,3,2.2247930942422355e-05,0.06848884118036655,endpoint
9452,779987.520372,1434522.98513,2,1.4831953961614903e-05,0.0683848259553026,endpoint
80036,787267.747415,1437195.447613,4,2.9663907923229807e-05,0.06822030247484348,endpoint
66714,780324.456472,1434558.862165,3,2.2247930942422355e-05,0.06818614225370724,intersection
9435,780278.554629,1434563.080071,3,2.2247930942422355e-05,0.06818473320763145,endpoint
9431,780222.642753,1434567.307443,3,2.2247930942422355e-05,0.06816997443081266,endpoint
50445,781678.960648,1437912.018512,4,2.9663907923229807e-05,0.06687357053576923,endpoint
80464,781631.89418,1437924.457348,3,2.2247930942422355e-05,0.06687219816522509,endpoint
2923,781872.919348,1437788.473542,3,2.2247930942422355e-05,0.06686958944577084,endpoint
1228,778083.638309,1434315.432196,4,2.9663907923229807e-05,0.06686817865523652,intersection
104333,783784.125453,1429342.06281,4,2.9663907923229807e-05,0.06673446770762051,intersection
24984,781302.462992,1439179.242513,4,2.9663907923229807e-05,0.0666667598165349,intersection
5461,780592.93723,1429370.488511,4,2.9663907923229807e-05,0.06648888631451298,endpoint
80253,784335.111451,1429365.420389,4,2.9663907923229807e-05,0.0664255670790061,intersection
104334,784306.662478,1429352.601629,2,1.4831953961614903e-05,0.06642323102893305,endpoint
50441,781594.543174,1437930.54146,4,2.9663907923229807e-05,0.06641418529836242,endpoint
129594,780585.824847,1429370.472057,4,2.9663907923229807e-05,0.06638175134188752,endpoint
129596,780368.838117,1429374.226857,2,1.4831953961614903e-05,0.06634751306875745,intersection
129595,780391.28875,1429373.689519,2,1.4831953961614903e-05,0.06634687034598605,intersection
78764,781492.360519,1438566.237684,4,2.9663907923229807e-05,0.06619110320546273,intersection
52761,776481.507456,1433723.521908,3,2.2247930942422355e-05,0.06613691980024995,endpoint
53525,781604.185468,1438136.852631,4,2.9663907923229807e-05,0.06610920669676708,endpoint
40026,776272.142385,1433668.232971,4,2.9663907923229807e-05,0.06610327451951412,intersection
105,780796.505827,1434996.137275,3,2.2247930942422355e-05,0.0660712687169029,endpoint
39992,776569.606175,1433980.607305,3,2.2247930942422355e-05,0.06595706192132487,intersection
79360,780989.487444,1429376.746612,4,2.9663907923229807e-05,0.06591764183729573,intersection
50440,781605.394658,1437968.212761,2,1.4831953961614903e-05,0.06588611659709782,endpoint
50446,781619.459112,1437993.130924,2,1.4831953961614903e-05,0.06588279588935958,endpoint
39989,776602.183507,1433747.197738,3,2.2247930942422355e-05,0.06580933469677056,endpoint
25017,780851.342671,1434967.269641,4,2.9663907923229807e-05,0.06577398581222511,intersection
24983,781299.20365,1439190.168624,4,2.9663907923229807e-05,0.0657660132442126,intersection
39991,776569.711153,1433974.442581,3,2.2247930942422355e-05,0.06572911234775657,intersection
80220,779944.943192,1431143.166666,3,2.2247930942422355e-05,0.06556223902510899,endpoint
121755,779943.9884,1431213.07425,3,2.2247930942422355e-05,0.06550444382624308,intersection
80201,779940.133983,1431497.242905,3,2.2247930942422355e-05,0.06548442112705401,endpoint
119284,779941.329875,1431408.828937,3,2.2247930942422355e-05,0.06548243363048392,endpoint
80219,779950.49288,1430901.86657,4,2.9663907923229807e-05,0.0653924863370293,intersection
121013,784337.379356,1429369.208845,4,2.9663907923229807e-05,0.06522600965758853,intersection
68395,781323.716987,1429365.637735,4,2.9663907923229807e-05,0.06520755863832964,intersection
6090,785824.629417,1436683.159549,3,2.2247930942422355e-05,0.06487574372291897,intersection
6088,785725.412661,1436671.58395,3,2.2247930942422355e-05,0.06481079069207228,intersection
6089,785756.554811,1436675.215846,3,2.2247930942422355e-05,0.0648089994351176,intersection
81025,784452.447126,1429608.276297,3,2.2247930942422355e-05,0.06459957185945767,endpoint
104476,781109.648635,1436028.115958,3,2.2247930942422355e-05,0.06456536387284108,endpoint
9173,781068.679423,1435775.713496,3,2.2247930942422355e-05,0.06454906205571118,endpoint
9169,781135.590583,1435906.79788,3,2.2247930942422355e-05,0.06452944223585315,endpoint
108377,781126.472754,1435915.195901,3,2.2247930942422355e-05,0.06448933094413735,endpoint
18184,780598.270172,1429370.365233,2,1.4831953961614903e-05,0.06444918369270973,endpoint
66560,777029.433215,1440261.413446,4,2.9663907923229807e-05,0.06439240824147627,intersection
129897,775237.603207,1433272.219863,3,2.2247930942422355e-05,0.06435016548353273,endpoint
84284,784403.222628,1429453.630557,4,2.9663907923229807e-05,0.06422735966819496,intersection
125724,784447.699869,1429524.230096,4,2.9663907923229807e-05,0.0642074580809731,intersection
18488,784452.531135,1429601.183146,4,2.9663907923229807e-05,0.06416954337330119,intersection
66694,789570.423548,1438323.470257,3,2.2247930942422355e-05,0.06410706984964536,endpoint
53203,790343.524649,1438699.831086,4,2.9663907923229807e-05,0.06409197097865657,intersection
76108,789477.513961,1438281.291047,3,2.2247930942422355e-05,0.06407765809713244,intersection
129895,775252.255081,1433231.175771,4,2.9663907923229807e-05,0.06379893079647603,intersection
2772,775788.000198,1435643.608882,4,2.9663907923229807e-05,0.06379006546863526,intersection
6096,789614.050837,1438341.397337,2,1.4831953961614903e-05,0.0637830151612145,endpoint
6097,790329.889234,1438691.875389,2,1.4831953961614903e-05,0.06377634073243436,endpoint
26399,779936.544071,1431558.190544,5,3.7079884904037255e-05,0.06367871483822429,intersection
51182,784625.9274,1443036.288314,4,2.9663907923229807e-05,0.06338776347599123,intersection
35042,781399.393133,1429365.499614,4,2.9663907923229807e-05,0.06332101645224839,intersection
56161,774718.897693,1431675.137316,4,2.9663907923229807e-05,0.06313969614495737,intersection
56162,774707.530299,1431638.899292,3,2.2247930942422355e-05,0.06288854836353698,intersection
126467,789189.422522,1438140.553572,3,2.2247930942422355e-05,0.06276103455284494,intersection
75870,780261.28313,1440211.118079,3,2.2247930942422355e-05,0.06275755898275413,endpoint
91423,775967.325184,1430812.749983,4,2.9663907923229807e-05,0.06258558339610847,endpoint
123899,776286.49633,1430558.247111,3,2.2247930942422355e-05,0.06255737273327194,endpoint
24985,781318.711713,1439120.803374,3,2.2247930942422355e-05,0.0625454251546691,intersection
130766,781439.931305,1438731.089607,4,2.9663907923229807e-05,0.06252447025279381,endpoint
83802,779228.677361,1428204.152465,4,2.9663907923229807e-05,0.06250538598919424,endpoint
27488,775499.146526,1441716.073433,4,2.9663907923229807e-05,0.06240961865746597,endpoint
129848,780961.575936,1443300.617389,4,2.9663907923229807e-05,0.06214786324662501,intersection
6086,785467.778139,1436585.430053,4,2.9663907923229807e-05,0.06209651073345516,intersection
2799,784259.259392,1435942.805189,4,2.9663907923229807e-05,0.0618541388235627,intersection
2798,784152.348693,1436098.727052,3,2.2247930942422355e-05,0.06162223618886598,intersection
2795,784050.477316,1436287.335904,3,2.2247930942422355e-05,0.06159092761729608,intersection
2796,784115.5472,1436167.216949,3,2.2247930942422355e-05,0.06157170706327999,intersection
2797,784139.321971,1436122.925613,3,2.2247930942422355e-05,0.06153337394054903,intersection
122917,776685.153182,1430269.082608,4,2.9663907923229807e-05,0.06140801946923562,endpoint
87747,781590.1859,1429362.697841,4,2.9663907923229807e-05,0.061368126539859534,intersection
121708,786589.560623,1434576.790756,4,2.9663907923229807e-05,0.06117129563036853,endpoint
104335,784178.495137,1429321.467825,3,2.2247930942422355e-05,0.06105928168859302,endpoint
35271,776456.788084,1430424.671781,3,2.2247930942422355e-05,0.06093251223377619,endpoint
134018,776669.754809,1430277.950931,2,1.4831953961614903e-05,0.060916870119601806,endpoint
123904,776295.010335,1430551.568321,2,1.4831953961614903e-05,0.06090708418026649,endpoint
35270,776445.553912,1430434.090851,2,1.4831953961614903e-05,0.06090367503005234,endpoint
75899,776934.815378,1440617.610205,3,2.2247930942422355e-05,0.060783397375439696,intersection
123898,776280.502283,1430550.649105,4,2.9663907923229807e-05,0.060779827237277734,endpoint
75901,776752.190689,1440968.246036,3,2.2247930942422355e-05,0.06076253362467183,intersection
75900,776892.817545,1440723.822702,3,2.2247930942422355e-05,0.06076188837444793,intersection
75898,777018.038397,1440273.647304,2,1.4831953961614903e-05,0.060749894810257686,endpoint
56163,774698.596313,1431524.662765,3,2.2247930942422355e-05,0.060674253968797984,intersection
24988,781438.31358,1438736.442085,4,2.9663907923229807e-05,0.06062738597700637,endpoint
72020,784588.578479,1429437.373183,3,2.2247930942422355e-05,0.06058470271366578,endpoint
25637,775244.694898,1435280.841303,3,2.2247930942422355e-05,0.06057570063671385,intersection
24987,781400.255021,1438855.710167,3,2.2247930942422355e-05,0.060543302451630844,intersection
24986,781334.965013,1439062.984203,3,2.2247930942422355e-05,0.06054095672847261,intersection
75906,777417.575229,1440592.642051,4,2.9663907923229807e-05,0.06046738290551966,intersection
91712,780956.371375,1443290.710448,4,2.9663907923229807e-05,0.060292729578406125,endpoint
121014,784465.399701,1429387.834956,3,2.2247930942422355e-05,0.06016953845519167,endpoint
66832,784514.088858,1429405.137913,3,2.2247930942422355e-05,0.06015485942642908,endpoint
75902,776407.977629,1441181.491469,3,2.2247930942422355e-05,0.060139417464547026,endpoint
76205,775325.720993,1441814.47491,3,2.2247930942422355e-05,0.0601333832799952,endpoint
122918,776691.962197,1430265.718866,4,2.9663907923229807e-05,0.06011666482573019,endpoint
104339,784294.084984,1429334.804946,3,2.2247930942422355e-05,0.06007378789083702,endpoint
66669,777375.267262,1430000.60857,3,2.2247930942422355e-05,0.060017032635844646,endpoint
121728,775989.644582,1441420.199439,3,2.2247930942422355e-05,0.06001282202275539,intersection
132092,784206.10745,1429320.280347,4,2.9663907923229807e-05,0.0600022238187166,intersection
131803,784265.711849,1429328.249021,3,2.2247930942422355e-05,0.059958758110610993,endpoint
10227,784562.401168,1436556.547249,3,2.2247930942422355e-05,0.059956600050486517,endpoint
50314,784291.143526,1436224.99252,3,2.2247930942422355e-05,0.059939835269920215,intersection
10226,784718.584312,1436595.2516,3,2.2247930942422355e-05,0.059864625452296635,intersection
18973,777556.591097,1429939.721083,3,2.2247930942422355e-05,0.05980565704086427,endpoint
80066,777624.455317,1429920.230255,3,2.2247930942422355e-05,0.05979256547464339,endpoint
13477,775170.237728,1435060.880311,4,2.9663907923229807e-05,0.059691631249396866,endpoint
19206,776748.620386,1430233.008153,3,2.2247930942422355e-05,0.05956413867917216,endpoint
10225,784887.962013,1436616.679283,3,2.2247930942422355e-05,0.059555011722842166,intersection
3049,786582.22042,1434130.685055,4,2.9663907923229807e-05,0.05950051792323699,intersection
80053,777808.752793,1429885.317565,4,2.9663907923229807e-05,0.05945611848341291,intersection
65584,776876.677588,1430168.099224,3,2.2247930942422355e-05,0.059432266242507414,endpoint
10224,784939.921043,1436619.805157,3,2.2247930942422355e-05,0.05942848088426204,intersection
64912,777047.365542,1430111.851707,4,2.9663907923229807e-05,0.05942083322950292,endpoint
10222,785146.450255,1436584.295239,4,2.9663907923229807e-05,0.059411190343630016,intersection
10223,784961.235823,1436620.500851,3,2.2247930942422355e-05,0.05938117621718674,intersection
83846,781594.629631,1429362.631467,4,2.9663907923229807e-05,0.05936585045852634,intersection
80255,783778.939694,1429342.394775,4,2.9663907923229807e-05,0.0593256138472754,intersection
122920,777037.529044,1430115.00807,2,1.4831953961614903e-05,0.05930041385253666,endpoint
53039,774720.464816,1430536.923247,4,2.9663907923229807e-05,0.05927229699803354,intersection
91422,775971.664429,1430808.774873,4,2.9663907923229807e-05,0.05924879716095762,endpoint
57768,776098.618407,1430692.710968,3,2.2247930942422355e-05,0.05923975490365624,endpoint
80067,777179.178676,1430063.519402,3,2.2247930942422355e-05,0.059235799096804424,intersection
18955,777136.733705,1430076.567648,3,2.2247930942422355e-05,0.059200151841771916,endpoint
80068,777176.292014,1430064.442586,2,1.4831953961614903e-05,0.059200056415150706,endpoint
88520,777161.445695,1430069.098672,2,1.4831953961614903e-05,0.05919991630141591,endpoint
75904,777343.815231,1440468.102109,4,2.9663907923229807e-05,0.05915923911284169,intersection
66945,777293.520899,1440375.091636,3,2.2247930942422355e-05,0.059142222386715536,endpoint
78252,777140.388166,1440244.479264,3,2.2247930942422355e-05,0.05913524483878276,intersection
75910,777233.927378,1440295.554244,2,1.4831953961614903e-05,0.05913524483878276,endpoint
75911,777206.353243,1440274.377412,2,1.4831953961614903e-05,0.05913353915142784,endpoint
80061,777797.197562,1429878.854257,4,2.9663907923229807e-05,0.059132570967051705,intersection
78251,777083.447371,1440242.224468,3,2.2247930942422355e-05,0.059129756975119095,endpoint
75903,777301.083173,1440387.277964,2,1.4831953961614903e-05,0.059098697213515856,endpoint
80057,777719.289362,1429892.308398,2,1.4831953961614903e-05,0.05902469486658366,endpoint
80058,777639.045372,1429916.247073,2,1.4831953961614903e-05,0.05902245428492686,endpoint
88521,777110.462967,1430084.640993,3,2.2247930942422355e-05,0.058963089627691735,intersection
123901,776115.453437,1430685.638892,3,2.2247930942422355e-05,0.058929897437569906,endpoint
123900,776270.127403,1430558.836984,2,1.4831953961614903e-05,0.058926850684432326,endpoint
78256,777036.369751,1440269.580687,4,2.9663907923229807e-05,0.05889413214410358,intersection
98839,777044.498823,1430103.155607,4,2.9663907923229807e-05,0.058851438656537094,endpoint
78257,777046.944172,1440259.524951,2,1.4831953961614903e-05,0.05879726923940619,endpoint
910,779932.010149,1431845.075579,4,2.9663907923229807e-05,0.058793281045756304,intersection
77684,775241.557273,1441861.708917,3,2.2247930942422355e-05,0.0587896018688557,intersection
1879,779927.230887,1432147.610969,3,2.2247930942422355e-05,0.05872630363477039,endpoint
64315,783624.901265,1435868.477755,4,2.9663907923229807e-05,0.05868448001696627,endpoint
5664,786574.478279,1434131.005799,3,2.2247930942422355e-05,0.05867773154588836,intersection
68157,778009.888762,1429750.611445,3,2.2247930942422355e-05,0.05867343136878327,endpoint
88522,777071.619282,1430095.887696,2,1.4831953961614903e-05,0.058659218123769286,endpoint
56146,774669.174455,1431152.80675,4,2.9663907923229807e-05,0.05851292203698931,intersection
5663,786570.096653,1434084.365061,3,2.2247930942422355e-05,0.058512036679867596,intersection
79654,775027.504926,1433527.787411,3,2.2247930942422355e-05,0.05847897381996009,intersection
56164,774694.752563,1431485.195369,2,1.4831953961614903e-05,0.05846585531948143,endpoint
80257,774693.07256,1431473.932188,2,1.4831953961614903e-05,0.05846007081453864,endpoint
4376,774974.024098,1433695.202794,4,2.9663907923229807e-05,0.05845589813876848,endpoint
56156,774660.62377,1431274.914621,2,1.4831953961614903e-05,0.05845428630959586,endpoint
56157,774665.776166,1431193.129272,2,1.4831953961614903e-05,0.05844850180465307,endpoint
80218,779950.739274,1430891.430182,4,2.9663907923229807e-05,0.05836651326830019,intersection
79380,777953.713569,1434288.408663,4,2.9663907923229807e-05,0.05832034872469921,intersection
64316,783655.805936,1435970.507604,3,2.2247930942422355e-05,0.05826067561229785,endpoint
18773,778239.728199,1429514.448457,3,2.2247930942422355e-05,0.05816621719632695,endpoint
67841,775383.023155,1433332.045032,3,2.2247930942422355e-05,0.058092893618989866,endpoint
121729,775967.178741,1441433.058707,3,2.2247930942422355e-05,0.0579815732254811,intersection
25839,775066.071546,1433488.076549,2,1.4831953961614903e-05,0.05789922727537739,endpoint
130002,789158.084429,1438176.430035,4,2.9663907923229807e-05,0.05783930802178469,intersection
129730,774687.842295,1429149.571012,4,2.9663907923229807e-05,0.05767835178581446,intersection
67837,775624.53803,1433298.957073,3,2.2247930942422355e-05,0.0576530764819521,endpoint
34041,784045.65592,1436284.27528,4,2.9663907923229807e-05,0.05761097615793579,intersection
34042,784012.670777,1436253.93619,3,2.2247930942422355e-05,0.057584474791090474,intersection
34043,783995.78741,1436223.430386,3,2.2247930942422355e-05,0.05758273297434898,intersection
34045,783979.211538,1436156.628486,3,2.2247930942422355e-05,0.057581784803134965,intersection
34044,783987.610096,1436199.346165,3,2.2247930942422355e-05,0.05758136326026465,intersection
34046,783977.218881,1436128.655705,3,2.2247930942422355e-05,0.057580592421522844,intersection
124770,783665.119625,1435973.8024,4,2.9663907923229807e-05,0.05757637094728497,intersection
54175,783696.918196,1436099.786374,3,2.2247930942422355e-05,0.05757042113971332,endpoint
88499,783764.85534,1436059.844548,3,2.2247930942422355e-05,0.05756743989485819,intersection
107107,783848.044102,1436159.743329,4,2.9663907923229807e-05,0.05756104588911902,intersection
107108,783884.274097,1436148.978534,2,1.4831953961614903e-05,0.057546118053127426,endpoint
79500,776657.265176,1438256.431795,4,2.9663907923229807e-05,0.05745514801127405,endpoint
80051,777982.197893,1429810.476006,2,1.4831953961614903e-05,0.05737116735682734,endpoint
80054,777911.816764,1429866.581538,2,1.4831953961614903e-05,0.05736836780475567,endpoint
76090,789059.33542,1438270.002745,2,1.4831953961614903e-05,0.057295483340745273,endpoint
81135,783294.352612,1435976.511993,3,2.2247930942422355e-05,0.0572250513394523,intersection
81136,783350.93097,1435957.995447,3,2.2247930942422355e-05,0.057224006688495595,intersection
50871,782256.919291,1435978.736853,5,3.7079884904037255e-05,0.057194455140929135,endpoint
133894,781782.84984,1429360.327574,4,2.9663907923229807e-05,0.05717806330101909,intersection
75905,777360.601212,1440500.297501,4,2.9663907923229807e-05,0.05714669890112404,intersection
79374,778800.643924,1434575.107647,4,2.9663907923229807e-05,0.057133636832888225,intersection
121730,775958.412943,1441438.074006,4,2.9663907923229807e-05,0.05704907308071669,intersection
56145,774721.159038,1430528.393151,2,1.4831953961614903e-05,0.05704674844758136,endpoint
79817,783013.240877,1436053.361621,4,2.9663907923229807e-05,0.05704198022517195,endpoint
65358,774688.285051,1429155.204558,2,1.4831953961614903e-05,0.05704096394263858,endpoint
1157,778081.769331,1434320.58812,4,2.9663907923229807e-05,0.057011738978784816,intersection
74785,781991.212368,1435986.908722,4,2.9663907923229807e-05,0.05691901754689477,endpoint
81137,783515.656118,1435904.055591,4,2.9663907923229807e-05,0.05684592281972846,intersection
5869,782120.010341,1435982.875207,3,2.2247930942422355e-05,0.056784700820638766,endpoint
79816,783289.380189,1435962.74513,4,2.9663907923229807e-05,0.05670293665826609,intersection
92677,782062.394465,1435985.099433,2,1.4831953961614903e-05,0.05662102180950019,endpoint
74784,781989.174376,1435996.197869,4,2.9663907923229807e-05,0.056526206542161214,endpoint
126977,775262.508969,1433197.880928,4,2.9663907923229807e-05,0.05651079782826083,endpoint
26400,779528.060488,1428202.510021,3,2.2247930942422355e-05,0.05617893212833129,endpoint
129863,779434.460933,1428201.82421,2,1.4831953961614903e-05,0.05612749030111134,endpoint
132530,779440.965168,1428201.86741,2,1.4831953961614903e-05,0.05612594771129481,endpoint
26401,779791.183616,1428203.196008,4,2.9663907923229807e-05,0.056110884344930494,intersection
56160,774723.684102,1431689.558029,3,2.2247930942422355e-05,0.0561050720892691,intersection
88208,774671.619682,1431123.792807,2,1.4831953961614903e-05,0.056033417450570555,endpoint
56144,774718.674593,1430558.92021,2,1.4831953961614903e-05,0.05602763294562777,endpoint
121731,775951.906842,1441441.794654,4,2.9663907923229807e-05,0.05594292435954787,endpoint
126976,775271.633229,1433159.17295,3,2.2247930942422355e-05,0.055837256306625234,intersection
125394,779928.072725,1432094.318073,3,2.2247930942422355e-05,0.055638240748512056,endpoint
1891,779929.932062,1431976.774895,3,2.2247930942422355e-05,0.0556286825662686,endpoint
106683,775491.697419,1441699.062462,3,2.2247930942422355e-05,0.05555680470369158,endpoint
130020,775637.700694,1441617.667038,2,1.4831953961614903e-05,0.05553727573822094,endpoint
130019,775518.776861,1441683.902281,2,1.4831953961614903e-05,0.05553212934682748,endpoint
72849,784026.839861,1435346.489119,3,2.2247930942422355e-05,0.0554045066075237,intersection
72848,784184.952048,1435445.441838,4,2.9663907923229807e-05,0.055337764097186756,endpoint
104263,779933.450619,1431753.963017,3,2.2247930942422355e-05,0.055240755542612686,endpoint
1878,779935.24499,1431640.681101,3,2.2247930942422355e-05,0.05523719318664476,endpoint
126975,775276.120048,1433143.576307,3,2.2247930942422355e-05,0.05510778060859412,intersection
80282,786490.451678,1436223.609175,4,2.9663907923229807e-05,0.0550560189733595,endpoint
92124,780354.356815,1434299.276443,4,2.9663907923229807e-05,0.05490071832052954,intersection
92125,780407.670564,1434399.445481,3,2.2247930942422355e-05,0.05477473374909662,intersection
75907,777424.588873,1440596.580095,4,2.9663907923229807e-05,0.05450549917952945,intersection
58325,781064.661206,1436101.728082,4,2.9663907923229807e-05,0.05431591102979658,intersection
2924,781994.97493,1437527.391574,3,2.2247930942422355e-05,0.05415865877214178,endpoint
9246,779780.417969,1434522.679124,4,2.9663907923229807e-05,0.054151134481486854,intersection
79385,778771.660602,1434573.589892,4,2.9663907923229807e-05,0.05378021299786276,intersection
27496,780271.763415,1440170.870407,4,2.9663907923229807e-05,0.05349859762749909,intersection
25638,775367.395484,1435512.728726,2,1.4831953961614903e-05,0.05348283642066727,endpoint
7069,783228.318018,1429355.751633,4,2.9663907923229807e-05,0.05318993472480027,intersection
79797,784986.42192,1434530.288518,3,2.2247930942422355e-05,0.05286991303982287,intersection
377,776024.742734,1433461.71085,4,2.9663907923229807e-05,0.05259080424155886,intersection
108378,781028.041305,1435794.141768,3,2.2247930942422355e-05,0.05252656954835827,intersection
28027,774062.770129,1427871.712931,4,2.9663907923229807e-05,0.05244411431052925,intersection
70160,778972.796159,1428358.520966,4,2.9663907923229807e-05,0.052340466403923425,endpoint
70170,779075.951177,1428245.53726,3,2.2247930942422355e-05,0.052338768992668816,endpoint
102291,779044.304908,1428279.35891,3,2.2247930942422355e-05,0.052326145890768914,endpoint
65129,788928.846595,1438853.942789,3,2.2247930942422355e-05,0.05211055849780414,endpoint
72729,777738.704484,1440428.434163,3,2.2247930942422355e-05,0.05173826239568898,endpoint
18542,784608.342997,1429416.845805,4,2.9663907923229807e-05,0.051705061470980355,intersection
44687,778116.543788,1440214.201161,3,2.2247930942422355e-05,0.05168652732709934,endpoint
39836,775297.105023,1433279.281594,4,2.9663907923229807e-05,0.05163276055394756,intersection
3171,779959.54051,1430504.206887,4,2.9663907923229807e-05,0.051600363602121134,intersection
66951,777571.026082,1440529.915658,3,2.2247930942422355e-05,0.05149406861984468,endpoint
2387,788954.122342,1429932.48179,4,2.9663907923229807e-05,0.05135093209165888,endpoint
75783,788026.794376,1430201.453166,3,2.2247930942422355e-05,0.05134491248438796,endpoint
80217,779955.916478,1430666.57616,3,2.2247930942422355e-05,0.051189183424178414,endpoint
26642,774792.41447,1431835.010086,4,2.9663907923229807e-05,0.051166324001092375,intersection
131764,775016.792862,1431438.661026,3,2.2247930942422355e-05,0.051135765126431525,intersection
72727,778282.607171,1440120.454777,3,2.2247930942422355e-05,0.05109017191698311,intersection
53698,787562.720988,1436577.037878,4,2.9663907923229807e-05,0.05105757019047568,intersection
52983,774815.760098,1431873.237583,3,2.2247930942422355e-05,0.05102473880772648,endpoint
70957,787529.077512,1436628.077369,3,2.2247930942422355e-05,0.050937468056294524,endpoint
80037,787410.668454,1436819.860664,4,2.9663907923229807e-05,0.0508216054203941,intersection
123725,779937.171532,1432322.382691,4,2.9663907923229807e-05,0.05074917135639882,endpoint
4545,781787.707955,1429219.648113,4,2.9663907923229807e-05,0.050503180801674236,intersection
75942,778290.372953,1440111.057608,4,2.9663907923229807e-05,0.05041547524364821,intersection
56159,774751.046289,1431754.109241,3,2.2247930942422355e-05,0.050410974524745154,intersection
76117,788952.931276,1438434.676502,4,2.9663907923229807e-05,0.05025268896581327,intersection
75897,784801.289587,1434829.595068,3,2.2247930942422355e-05,0.05008386142627632,endpoint
11662,789030.523851,1438296.92395,3,2.2247930942422355e-05,0.04982655700973043,endpoint
75908,777472.833132,1440589.305129,4,2.9663907923229807e-05,0.04966595532396171,intersection
123334,782959.263585,1435830.388105,2,1.4831953961614903e-05,0.04966577891307236,endpoint
80038,787566.752797,1436571.433841,4,2.9663907923229807e-05,0.049603306108055106,intersection
80212,779993.188369,1429388.218148,4,2.9663907923229807e-05,0.04950198266050059,endpoint
68606,786582.471964,1434868.279254,3,2.2247930942422355e-05,0.04930364123873151,endpoint
67807,786574.937018,1435021.404926,3,2.2247930942422355e-05,0.049298422115631596,endpoint
80039,787703.84344,1436397.845846,3,2.2247930942422355e-05,0.049256799214541416,intersection
80040,788002.044874,1436087.17705,4,2.9663907923229807e-05,0.049250090402340276,intersection
75943,778312.540259,1440104.882419,4,2.9663907923229807e-05,0.04923682768260398,intersection
81178,786600.417102,1434573.72591,4,2.9663907923229807e-05,0.049222139350486305,endpoint
8259,786578.089857,1434949.67904,4,2.9663907923229807e-05,0.049218285305412696,endpoint
65124,774309.531468,1432451.905432,4,2.9663907923229807e-05,0.04910177942134645,intersection
79521,776251.481035,1433656.337479,3,2.2247930942422355e-05,0.04890280437293259,intersection
80658,781582.17466,1436529.844941,3,2.2247930942422355e-05,0.04860998548790019,intersection
80041,788010.218572,1436078.98138,4,2.9663907923229807e-05,0.048592209277302824,intersection
9247,779562.613517,1434579.074737,4,2.9663907923229807e-05,0.048550684174623535,intersection
26026,774962.475614,1434435.293444,4,2.9663907923229807e-05,0.04838651121626751,endpoint
74854,781489.296825,1436562.186828,4,2.9663907923229807e-05,0.048337231470586974,endpoint
1882,779926.944421,1432196.437246,3,2.2247930942422355e-05,0.04832064643024018,endpoint
106533,774885.556828,1434245.097779,3,2.2247930942422355e-05,0.048312686948349386,endpoint
80042,788078.369189,1436009.979746,3,2.2247930942422355e-05,0.048311358680797584,intersection
25909,775030.471327,1434603.416907,4,2.9663907923229807e-05,0.04830736579949587,endpoint
123599,779926.259543,1432313.781966,4,2.9663907923229807e-05,0.0482679555165308,endpoint
18541,784612.988763,1429408.840825,4,2.9663907923229807e-05,0.04822601727045245,intersection
26005,774849.380708,1434039.654579,4,2.9663907923229807e-05,0.048145168476009206,endpoint
80045,788437.39194,1435479.288346,4,2.9663907923229807e-05,0.04813403367348706,endpoint
56128,774326.666537,1428278.418481,4,2.9663907923229807e-05,0.04810645006422789,intersection
80043,788109.02306,1435976.157382,3,2.2247930942422355e-05,0.04809660798010935,intersection
80044,788112.153261,1435972.702756,3,2.2247930942422355e-05,0.04805946587864198,intersection
51183,784622.721293,1443026.67945,4,2.9663907923229807e-05,0.047804147063699995,endpoint
68195,778297.238395,1440089.319164,3,2.2247930942422355e-05,0.047602174734502706,endpoint
108472,778294.46118,1440090.243142,3,2.2247930942422355e-05,0.04758647449963218,endpoint
56125,774320.916891,1428268.638073,2,1.4831953961614903e-05,0.04758645159873085,endpoint
95042,781791.239432,1429357.593848,4,2.9663907923229807e-05,0.0475363474349267,endpoint
78733,775721.124771,1433268.037562,4,2.9663907923229807e-05,0.0472494157205301,endpoint
79946,783220.124006,1429355.829082,4,2.9663907923229807e-05,0.04721754610823179,intersection
65035,789028.575434,1429915.642918,3,2.2247930942422355e-05,0.04705432897321691,endpoint
92163,783270.206816,1435759.256251,3,2.2247930942422355e-05,0.04702427680278639,endpoint
18248,781832.718335,1429356.75244,3,2.2247930942422355e-05,0.04699257580265037,endpoint
4544,781830.789149,1429221.446491,3,2.2247930942422355e-05,0.04694757252166618,intersection
129600,777535.344755,1440550.743938,2,1.4831953961614903e-05,0.04669615395959738,endpoint
75909,777483.542971,1440580.398626,2,1.4831953961614903e-05,0.046693929150004,endpoint
53477,781541.459485,1439887.716784,4,2.9663907923229807e-05,0.046479404691148335,endpoint
53471,782218.197883,1440858.839807,3,2.2247930942422355e-05,0.04641076487877471,intersection
53476,781803.048622,1439981.361957,3,2.2247930942422355e-05,0.04629004985036884,intersection
53475,781811.51161,1439997.666095,3,2.2247930942422355e-05,0.0462346520914937,intersection
4839,782324.748902,1429363.94212,4,2.9663907923229807e-05,0.04595674142956285,intersection
90135,782957.151633,1435927.540197,3,2.2247930942422355e-05,0.045871791494512815,intersection
76107,789373.204255,1438234.022016,3,2.2247930942422355e-05,0.04583992804108474,endpoint
33387,784210.499625,1435315.263592,4,2.9663907923229807e-05,0.04570436973699007,intersection
3045,786519.70096,1435925.818588,3,2.2247930942422355e-05,0.04568294676450863,intersection
107116,779968.912556,1430082.883207,4,2.9663907923229807e-05,0.045672423036712165,endpoint
2165,786501.303864,1436224.042635,4,2.9663907923229807e-05,0.04563771854502325,endpoint
3043,786509.958009,1436092.903357,3,2.2247930942422355e-05,0.045612119525570656,intersection
3044,786513.906807,1436034.50344,3,2.2247930942422355e-05,0.04560696739955448,intersection
3042,786506.141339,1436150.075824,3,2.2247930942422355e-05,0.045581024347308326,intersection
56152,774672.007529,1428996.810614,4,2.9663907923229807e-05,0.04555557155539507,intersection
129733,774687.426587,1429144.281627,2,1.4831953961614903e-05,0.04550887300492073,endpoint
25636,775115.728856,1434915.60471,4,2.9663907923229807e-05,0.045474077303326685,endpoint
132552,779968.729872,1430089.157971,2,1.4831953961614903e-05,0.04538209977057914,endpoint
44291,774066.270748,1439234.431087,4,2.9663907923229807e-05,0.04533742445378009,intersection
124339,773743.069195,1438269.712243,4,2.9663907923229807e-05,0.04516732356807327,intersection
39820,775296.46711,1433268.066766,3,2.2247930942422355e-05,0.0451293263738473,endpoint
39835,775298.119633,1433275.488679,3,2.2247930942422355e-05,0.04512607534402355,intersection
72666,783278.095376,1435757.543656,3,2.2247930942422355e-05,0.04511249096186907,endpoint
53734,783568.8117,1435689.916238,4,2.9663907923229807e-05,0.045044318433992356,intersection
18540,784648.473153,1429347.698731,4,2.9663907923229807e-05,0.04502697123065132,intersection
28420,780585.575753,1428182.382735,4,2.9663907923229807e-05,0.044970972971574055,intersection
74690,785774.191575,1430298.466373,4,2.9663907923229807e-05,0.04491466444875342,endpoint
1522,780331.992978,1434527.577392,3,2.2247930942422355e-05,0.044765964489984725,endpoint
50587,774073.668616,1439474.112361,3,2.2247930942422355e-05,0.04466124143947979,intersection
80539,782457.28598,1440799.926951,3,2.2247930942422355e-05,0.044629519170615896,intersection
53472,782320.590316,1440824.740676,3,2.2247930942422355e-05,0.044415080989277884,intersection
76091,788918.833012,1438821.179546,3,2.2247930942422355e-05,0.044261602825780365,endpoint
80443,775060.661093,1434750.022335,5,3.7079884904037255e-05,0.04415209532129829,endpoint
129855,775076.19237,1434743.878104,4,2.9663907923229807e-05,0.044141943218257026,endpoint
74826,781638.66761,1436699.537303,3,2.2247930942422355e-05,0.044125057000948695,intersection
74825,781604.854664,1436710.893901,4,2.9663907923229807e-05,0.04411357849673308,endpoint
35191,785762.177606,1430310.464771,4,2.9663907923229807e-05,0.044112255172568775,endpoint
2979,781737.174142,1436819.001557,4,2.9663907923229807e-05,0.04402944847240062,endpoint
63479,777476.957841,1439958.733485,4,2.9663907923229807e-05,0.043996761435883845,intersection
21677,781733.792608,1436866.391186,4,2.9663907923229807e-05,0.04393144980944426,endpoint
74855,781390.510393,1436456.160034,3,2.2247930942422355e-05,0.04390296352560657,intersection
112432,781674.870058,1436769.049613,3,2.2247930942422355e-05,0.04388727985346161,endpoint
27516,780311.880103,1438866.687891,3,2.2247930942422355e-05,0.04384513198389644,endpoint
129534,777561.061046,1439793.411857,3,2.2247930942422355e-05,0.04382368213780711,endpoint
130011,777573.499241,1439763.316625,2,1.4831953961614903e-05,0.043819306678940136,endpoint
85152,777574.120733,1439761.961301,3,2.2247930942422355e-05,0.04381923349932247,endpoint
108439,773783.343224,1438359.394165,3,2.2247930942422355e-05,0.0438166321320535,endpoint
80299,780303.272207,1438891.253261,4,2.9663907923229807e-05,0.04379365464692865,endpoint
9846,781786.024112,1436935.303284,4,2.9663907923229807e-05,0.04379356473208777,endpoint
111675,777500.770149,1439922.287951,2,1.4831953961614903e-05,0.04378732005054853,endpoint
111676,777558.595604,1439802.187491,2,1.4831953961614903e-05,0.04378642462544695,endpoint
27504,780329.65059,1438419.753034,3,2.2247930942422355e-05,0.04378615196879194,endpoint
73011,783016.608889,1435817.546623,3,2.2247930942422355e-05,0.043783752706786444,endpoint
27503,780327.820166,1438492.05443,2,1.4831953961614903e-05,0.04378314839572361,endpoint
40296,781727.168312,1436829.316501,4,2.9663907923229807e-05,0.04377278279853841,endpoint
75164,781753.273165,1436860.589764,3,2.2247930942422355e-05,0.04376603878929282,endpoint
30048,777580.572346,1440027.97674,3,2.2247930942422355e-05,0.0437456198469832,intersection
30047,777674.479734,1440100.731493,3,2.2247930942422355e-05,0.04374324671675026,intersection
30049,777493.320597,1439971.174438,2,1.4831953961614903e-05,0.04374080849243499,endpoint
72099,781805.621939,1436987.211305,3,2.2247930942422355e-05,0.043729007147549855,endpoint
66935,781259.758293,1436314.262829,4,2.9663907923229807e-05,0.04366429102302798,endpoint
74857,781378.868184,1436442.724331,3,2.2247930942422355e-05,0.04354336827635283,intersection
74856,781384.438308,1436449.035572,3,2.2247930942422355e-05,0.04349591147407784,intersection
56129,774394.297914,1428393.272634,2,1.4831953961614903e-05,0.04347448614017646,endpoint
56127,774343.472175,1428307.005634,2,1.4831953961614903e-05,0.043468479154274334,endpoint
53273,776451.264957,1435756.258287,4,2.9663907923229807e-05,0.04339475684036166,intersection
74940,780326.441602,1440163.227491,3,2.2247930942422355e-05,0.043306720782001505,endpoint
84564,780559.169445,1440147.826803,3,2.2247930942422355e-05,0.04330103019411812,intersection
84563,780602.471889,1440135.769347,3,2.2247930942422355e-05,0.04329444017483263,intersection
84562,780642.689863,1440118.555159,3,2.2247930942422355e-05,0.043293027849689525,intersection
77337,787269.889519,1437107.381865,3,2.2247930942422355e-05,0.04327962628511021,endpoint
85000,776070.10792,1435684.634591,4,2.9663907923229807e-05,0.04321442382319095,endpoint
66568,789242.57513,1429897.422543,4,2.9663907923229807e-05,0.043173619001608814,endpoint
75849,780293.967956,1440162.89742,4,2.9663907923229807e-05,0.04312674442246753,endpoint
116579,783457.340814,1435715.91805,3,2.2247930942422355e-05,0.04311785609545633,intersection
73479,780012.737306,1428189.927586,4,2.9663907923229807e-05,0.043088569535761484,endpoint
84999,776065.589477,1435668.549677,4,2.9663907923229807e-05,0.04305969604371931,endpoint
123949,780095.706041,1433903.777719,3,2.2247930942422355e-05,0.04305508186891711,endpoint
50586,774016.018058,1438878.634221,3,2.2247930942422355e-05,0.043051625484074124,intersection
80502,776282.598285,1435669.963164,3,2.2247930942422355e-05,0.04302707252498324,endpoint
53266,780135.965329,1433982.017239,3,2.2247930942422355e-05,0.043014200612362066,endpoint
53272,776364.346626,1435675.163196,2,1.4831953961614903e-05,0.04299858719113076,endpoint
92660,776265.327496,1435669.846049,2,1.4831953961614903e-05,0.0429945755090601,endpoint
66739,774099.221443,1439553.224203,4,2.9663907923229807e-05,0.04297530209167006,intersection
94987,779791.163263,1428193.343664,4,2.9663907923229807e-05,0.042932912572290934,intersection
75780,789068.520484,1429904.788626,3,2.2247930942422355e-05,0.0429205932443572,intersection
75781,789106.61473,1429894.391162,3,2.2247930942422355e-05,0.042907397467727273,intersection
75782,789165.3845,1429883.024364,3,2.2247930942422355e-05,0.04289731943102754,endpoint
121649,789230.620311,1429895.205746,2,1.4831953961614903e-05,0.042778650824600244,endpoint
50585,773795.891249,1438387.867385,2,1.4831953961614903e-05,0.04277862682719463,endpoint
66652,781596.197612,1429101.826859,4,2.9663907923229807e-05,0.04270898332382517,endpoint
57543,781607.135289,1428909.674372,4,2.9663907923229807e-05,0.04262365598770599,endpoint
9248,779321.195609,1434629.688229,3,2.2247930942422355e-05,0.04257732507441978,endpoint
79371,779225.019771,1434620.426843,4,2.9663907923229807e-05,0.0425703886296523,intersection
83843,781616.611005,1428640.980373,4,2.9663907923229807e-05,0.04255946963571764,intersection
4570,781616.221977,1428706.2007,3,2.2247930942422355e-05,0.04255349719741665,endpoint
27500,780283.109068,1440163.007968,4,2.9663907923229807e-05,0.0425212330357348,intersection
76169,785301.347152,1429387.281506,3,2.2247930942422355e-05,0.04240795892892415,intersection
76170,784686.517808,1429459.586784,3,2.2247930942422355e-05,0.0424036764750065,intersection
26840,786495.430822,1436152.732487,3,2.2247930942422355e-05,0.04236224860081423,endpoint
124460,779993.926175,1428190.214238,2,1.4831953961614903e-05,0.042330300486773484,endpoint
81176,786519.238395,1435728.328356,3,2.2247930942422355e-05,0.04227127599156397,intersection
26931,786497.64324,1436112.082633,3,2.2247930942422355e-05,0.0422659700215883,endpoint
81177,786506.485983,1435973.207082,3,2.2247930942422355e-05,0.04225879683799014,intersection
50588,774091.757222,1439533.679704,2,1.4831953961614903e-05,0.04225194286188857,endpoint
18539,784662.749371,1429323.099805,4,2.9663907923229807e-05,0.04217918261428316,intersection
79684,788528.641909,1435331.827235,4,2.9663907923229807e-05,0.042106071941350416,intersection
79163,788457.467996,1435446.883657,4,2.9663907923229807e-05,0.042103402169838364,endpoint
27420,788624.753062,1435189.930089,4,2.9663907923229807e-05,0.04203539560257385,intersection
79685,788613.766108,1435206.532126,2,1.4831953961614903e-05,0.04199944698483659,endpoint
51888,785496.462886,1437926.169716,5,3.7079884904037255e-05,0.041948845516766496,intersection
85510,783576.644652,1435675.627416,3,2.2247930942422355e-05,0.04189024885288715,endpoint
85509,783596.297118,1435671.201509,3,2.2247930942422355e-05,0.04188776448217454,intersection
85508,783602.76106,1435669.72901,3,2.2247930942422355e-05,0.041876006302111524,intersection
85507,783626.386239,1435664.325387,3,2.2247930942422355e-05,0.04186408461870524,intersection
29752,783787.466544,1435629.390082,3,2.2247930942422355e-05,0.041818219516336595,endpoint
55894,783705.524423,1435646.9927,3,2.2247930942422355e-05,0.041797282285829546,endpoint
85505,783747.15143,1435638.275582,3,2.2247930942422355e-05,0.04179562142064592,intersection
85506,783695.492363,1435649.159225,3,2.2247930942422355e-05,0.0417724130224977,intersection
80022,788762.634355,1434977.151921,3,2.2247930942422355e-05,0.041737241046606165,intersection
85504,783823.478359,1435620.903301,3,2.2247930942422355e-05,0.041713821781764804,intersection
107619,783963.650567,1435590.082912,3,2.2247930942422355e-05,0.04171250712155054,endpoint
107620,783885.880738,1435607.329336,3,2.2247930942422355e-05,0.04170991151035827,endpoint
29747,784063.518106,1435568.203707,3,2.2247930942422355e-05,0.041707988981967495,endpoint
122656,783975.959227,1435587.187065,2,1.4831953961614903e-05,0.04170627765468908,endpoint
85503,783839.182425,1435617.211963,2,1.4831953961614903e-05,0.04170170668225178,endpoint
24142,774886.953626,1431695.558602,4,2.9663907923229807e-05,0.04167266787451936,endpoint
76168,785635.497558,1429368.240845,4,2.9663907923229807e-05,0.04160828136974712,endpoint
121752,779916.789282,1433591.42606,4,2.9663907923229807e-05,0.04153437759579923,intersection
121724,784637.483949,1429449.221574,4,2.9663907923229807e-05,0.04146803616149331,intersection
52981,774665.509158,1432014.235461,3,2.2247930942422355e-05,0.04144052042921165,endpoint
56798,774552.373382,1432217.401878,3,2.2247930942422355e-05,0.04142442763981954,intersection
59747,774407.922116,1432403.773223,4,2.9663907923229807e-05,0.041423685946593916,intersection
56799,774538.319998,1432241.947605,3,2.2247930942422355e-05,0.04140473807491813,intersection
56800,774534.249997,1432250.574685,3,2.2247930942422355e-05,0.04139704536790103,intersection
53092,774878.831173,1431707.720951,3,2.2247930942422355e-05,0.04139357050238834,endpoint
56801,774511.743574,1432291.098494,3,2.2247930942422355e-05,0.041386740569620585,endpoint
65121,774447.320735,1432374.090437,2,1.4831953961614903e-05,0.041369237297881015,endpoint
76171,784658.750599,1429453.258024,2,1.4831953961614903e-05,0.04131724388896329,endpoint
33436,780345.807614,1438315.351265,4,2.9663907923229807e-05,0.04125939790430478,intersection
106719,773746.44699,1432834.495152,4,2.9663907923229807e-05,0.04122884671524643,intersection
9167,784024.122626,1435352.073835,4,2.9663907923229807e-05,0.04121558494199782,intersection
14018,784037.324155,1435440.959319,3,2.2247930942422355e-05,0.041200198684025,endpoint
29748,784047.592835,1435490.847529,3,2.2247930942422355e-05,0.041173166535692175,intersection
29749,784039.351307,1435450.777276,3,2.2247930942422355e-05,0.041171442308257304,intersection
38084,774038.808111,1432555.847128,4,2.9663907923229807e-05,0.04111135106035474,intersection
132357,773741.449261,1432840.906826,4,2.9663907923229807e-05,0.04107951579501456,intersection
123869,774880.730875,1431687.630661,4,2.9663907923229807e-05,0.040861782595333955,intersection
50251,786273.383099,1429314.55874,4,2.9663907923229807e-05,0.040854863388268235,endpoint
21555,773271.137735,1433849.614801,4,2.9663907923229807e-05,0.04079209435967737,intersection
28569,774486.330783,1440117.065026,4,2.9663907923229807e-05,0.04078400642859914,intersection
79372,779217.20184,1434619.674004,4,2.9663907923229807e-05,0.040734886249745555,intersection
129399,773859.63151,1432683.23788,3,2.2247930942422355e-05,0.04070673283027147,endpoint
66715,773879.701894,1432658.386109,3,2.2247930942422355e-05,0.040635651310701744,endpoint
50234,773498.740637,1433155.768673,3,2.2247930942422355e-05,0.0405184849863249,endpoint
75687,784635.67563,1443023.923479,4,2.9663907923229807e-05,0.04043636060884668,intersection
50194,787546.33739,1430271.20113,4,2.9663907923229807e-05,0.04042534546330494,endpoint
50315,784267.083352,1435963.232706,4,2.9663907923229807e-05,0.04041321559260174,intersection
130961,773425.798513,1437494.154408,3,2.2247930942422355e-05,0.0403832644168669,intersection
88401,780266.225406,1434517.623989,3,2.2247930942422355e-05,0.04038259843816034,intersection
88403,780161.644119,1434502.362983,3,2.2247930942422355e-05,0.04038256575425641,intersection
88402,780203.256677,1434508.961041,3,2.2247930942422355e-05,0.040375694561845366,intersection
50235,773339.100822,1433679.844053,2,1.4831953961614903e-05,0.040356221334549774,endpoint
28295,773282.331469,1433840.564442,2,1.4831953961614903e-05,0.04035415451868114,endpoint
53093,780122.798267,1434502.37957,3,2.2247930942422355e-05,0.04033953007443905,endpoint
124540,779904.318585,1433601.761113,3,2.2247930942422355e-05,0.040276830601924385,intersection
1568,780108.637164,1434503.830382,3,2.2247930942422355e-05,0.040274005761917045,endpoint
132368,773312.239989,1437123.792854,4,2.9663907923229807e-05,0.04026405161131305,intersection
121753,779917.789904,1433599.849273,4,2.9663907923229807e-05,0.04026301579435895,intersection
9245,779987.146135,1434515.974107,2,1.4831953961614903e-05,0.04025268256985488,endpoint
129400,773848.749327,1432696.778945,2,1.4831953961614903e-05,0.040194294665441145,endpoint
132618,773748.57436,1432831.765912,2,1.4831953961614903e-05,0.04019073497089433,endpoint
132181,773335.973781,1437208.716109,2,1.4831953961614903e-05,0.04016838373419507,endpoint
130960,773391.886303,1437390.021188,2,1.4831953961614903e-05,0.04016793877227639,endpoint
66692,774133.70979,1432512.997553,4,2.9663907923229807e-05,0.040140136220777105,intersection
50084,774383.555879,1432420.04063,4,2.9663907923229807e-05,0.04013338517518781,intersection
40303,784261.044314,1435963.502754,3,2.2247930942422355e-05,0.040096679556237275,intersection
50236,773736.775398,1432846.903007,2,1.4831953961614903e-05,0.03989463391120607,endpoint
50237,773512.499309,1433137.850315,2,1.4831953961614903e-05,0.039891601396793465,endpoint
79653,774928.87147,1433825.352404,4,2.9663907923229807e-05,0.03986234613992918,intersection
61141,779899.132315,1433602.494684,3,2.2247930942422355e-05,0.039836484377081524,endpoint
1579,779961.357197,1433801.019556,4,2.9663907923229807e-05,0.03980621830292082,endpoint
84831,784620.425667,1429446.123747,5,3.7079884904037255e-05,0.03979165421271438,endpoint
123947,780037.614456,1433939.853891,3,2.2247930942422355e-05,0.039712218096262276,endpoint
66693,773947.011027,1432597.294931,2,1.4831953961614903e-05,0.03966251258537365,endpoint
50250,785921.950265,1429354.957052,3,2.2247930942422355e-05,0.039625090364199284,endpoint
95001,779930.333549,1432819.040757,4,2.9663907923229807e-05,0.03962508733465877,endpoint
124533,779930.519914,1432812.411786,2,1.4831953961614903e-05,0.03962296975917265,endpoint
123724,779935.979945,1432369.439733,2,1.4831953961614903e-05,0.039622892997761845,endpoint
76070,785643.843142,1429378.256677,3,2.2247930942422355e-05,0.03961568574022609,endpoint
79373,779052.50175,1434604.273308,4,2.9663907923229807e-05,0.0395606673152728,intersection
65122,774322.240788,1432447.5082,4,2.9663907923229807e-05,0.039256618802670736,intersection
127225,780264.753499,1440170.836558,4,2.9663907923229807e-05,0.03920807392860938,intersection
75851,780260.021267,1440170.799536,2,1.4831953961614903e-05,0.03913257538601389,endpoint
18532,784606.11161,1429442.779316,4,2.9663907923229807e-05,0.03907173258913809,intersection
121520,773753.717216,1438291.84262,2,1.4831953961614903e-05,0.038966572584954215,endpoint
123643,773300.545257,1437081.947257,4,2.9663907923229807e-05,0.03896006578064145,intersection
123672,786462.392841,1436857.056581,4,2.9663907923229807e-05,0.03890756805071721,endpoint
75936,778310.914502,1440095.094969,4,2.9663907923229807e-05,0.03883838594456743,intersection
50963,780303.588356,1438956.325645,3,2.2247930942422355e-05,0.03879263380773021,endpoint
374,776256.697307,1433643.858721,4,2.9663907923229807e-05,0.03873680647495533,intersection
84832,784604.370803,1429442.372583,3,2.2247930942422355e-05,0.03871540964516242,endpoint
64701,784864.876114,1428976.737106,3,2.2247930942422355e-05,0.03865381248130582,endpoint
18538,784730.473282,1429201.170816,2,1.4831953961614903e-05,0.03864781130462033,endpoint
66631,784747.402567,1429170.458287,2,1.4831953961614903e-05,0.03864084023456108,endpoint
76072,784759.249118,1429149.346936,3,2.2247930942422355e-05,0.03863857233332735,endpoint
51651,779358.279939,1429788.566695,4,2.9663907923229807e-05,0.03856952697804402,endpoint
50253,786283.817831,1429314.666213,4,2.9663907923229807e-05,0.03847304160398997,endpoint
94948,779927.478051,1432838.395266,4,2.9663907923229807e-05,0.03839878190603473,endpoint
65125,774288.103086,1432459.319326,4,2.9663907923229807e-05,0.03836856642061792,intersection
123603,779350.113833,1429789.691199,4,2.9663907923229807e-05,0.038367429465418226,intersection
79966,773304.139074,1437094.806504,4,2.9663907923229807e-05,0.03834590071661249,intersection
60767,779925.480534,1433081.369817,4,2.9663907923229807e-05,0.03823652972627151,endpoint
132187,772564.013129,1434452.938089,4,2.9663907923229807e-05,0.038188306369889756,intersection
83660,779926.350781,1432974.76468,3,2.2247930942422355e-05,0.03815710550466386,endpoint
52776,779926.456264,1432962.168232,3,2.2247930942422355e-05,0.038141975279171736,endpoint
1158,778109.648504,1434330.631005,4,2.9663907923229807e-05,0.038130082484811194,intersection
72000,785262.470931,1428326.715959,4,2.9663907923229807e-05,0.038120830138506825,intersection
860,779343.81811,1429790.546695,3,2.2247930942422355e-05,0.03807562032393899,endpoint
102007,784806.388797,1434845.776929,4,2.9663907923229807e-05,0.038057246419877,intersection
859,779256.986602,1429810.617883,4,2.9663907923229807e-05,0.03803261250943955,intersection
858,779251.131152,1429811.964895,4,2.9663907923229807e-05,0.038023962222330204,intersection
856,779102.457176,1429844.244912,4,2.9663907923229807e-05,0.03799350956544108,intersection
857,779159.425946,1429831.876678,3,2.2247930942422355e-05,0.03799167144894368,intersection
90134,782969.799429,1435923.296868,3,2.2247930942422355e-05,0.037988593354733306,intersection
72002,784971.055207,1428804.409844,3,2.2247930942422355e-05,0.03798830989199481,endpoint
855,779003.983502,1429865.627869,3,2.2247930942422355e-05,0.03796973023547605,intersection
65123,774315.140066,1432449.964942,4,2.9663907923229807e-05,0.037906755995836906,intersection
47246,780448.515252,1434491.529142,3,2.2247930942422355e-05,0.03789861733201817,endpoint
1567,780442.151916,1434476.642066,3,2.2247930942422355e-05,0.03789557675890722,endpoint
92126,780426.413061,1434437.693664,3,2.2247930942422355e-05,0.037879850522034984,intersection
132371,773297.728438,1437071.868235,4,2.9663907923229807e-05,0.03781870286214423,intersection
132603,773290.300597,1437044.947069,4,2.9663907923229807e-05,0.03781312953985756,intersection
33388,784228.26255,1435171.377926,3,2.2247930942422355e-05,0.037771949052341686,intersection
33390,784271.59878,1434997.389199,3,2.2247930942422355e-05,0.037760164977528765,intersection
33389,784239.240378,1435091.939925,3,2.2247930942422355e-05,0.03775600458358914,intersection
88629,786586.530403,1429475.051587,3,2.2247930942422355e-05,0.03774774451118984,intersection
72001,785069.379032,1428644.223769,3,2.2247930942422355e-05,0.0377460929253011,intersection
33391,784328.479214,1434932.83607,3,2.2247930942422355e-05,0.03772562604459688,endpoint
35510,785095.608533,1428601.484727,3,2.2247930942422355e-05,0.03770922783033881,endpoint
29542,782317.896785,1436276.834614,4,2.9663907923229807e-05,0.037697244809766696,endpoint
66691,774137.043525,1432511.492319,3,2.2247930942422355e-05,0.037679741203440725,endpoint
72863,774587.750466,1440420.851076,3,2.2247930942422355e-05,0.0376657993327549,intersection
74799,782299.000694,1436132.785904,3,2.2247930942422355e-05,0.03764388833409495,endpoint
65126,774178.452116,1432497.256893,2,1.4831953961614903e-05,0.03759987356717735,endpoint
3290,779970.42245,1429692.752708,2,1.4831953961614903e-05,0.037599209389393984,endpoint
3289,779930.351203,1429693.024253,4,2.9663907923229807e-05,0.037596470021782576,intersection
3287,779522.939762,1429695.730827,4,2.9663907923229807e-05,0.03754328091332224,intersection
3288,779725.010981,1429694.388018,4,2.9663907923229807e-05,0.03754162535671554,intersection
3286,779381.659418,1429696.678901,4,2.9663907923229807e-05,0.037532956047596544,intersection
132182,772563.842318,1434457.971367,2,1.4831953961614903e-05,0.037444851673044496,endpoint
30010,772560.002061,1434570.176243,2,1.4831953961614903e-05,0.03744405613506868,endpoint
30011,772598.75107,1435382.258734,3,2.2247930942422355e-05,0.03744331453187089,intersection
471,779914.453724,1433491.59648,3,2.2247930942422355e-05,0.03744254036113955,endpoint
79626,772608.412552,1434152.225667,4,2.9663907923229807e-05,0.037388907834409305,intersection
88628,786806.858175,1429749.390668,4,2.9663907923229807e-05,0.037359372891902165,intersection
72862,774632.684955,1440596.407212,3,2.2247930942422355e-05,0.03733188805443547,endpoint
121516,773555.548326,1437850.556209,3,2.2247930942422355e-05,0.037324829595058714,intersection
50200,787261.513761,1430222.986969,3,2.2247930942422355e-05,0.03725398590897886,endpoint
64716,786999.799948,1430001.142617,3,2.2247930942422355e-05,0.03725236882369021,endpoint
55628,781075.958803,1428191.263244,4,2.9663907923229807e-05,0.03723864897862832,endpoint
470,779914.789599,1433404.601737,3,2.2247930942422355e-05,0.03717896193487919,intersection
18246,781787.804501,1429185.487105,4,2.9663907923229807e-05,0.03717130632518435,intersection
121515,773434.371922,1437522.886836,2,1.4831953961614903e-05,0.03707880157807957,endpoint
56654,780868.08694,1428190.414501,3,2.2247930942422355e-05,0.03707213856377219,endpoint
26411,780594.503883,1428182.207115,4,2.9663907923229807e-05,0.037018354878324285,endpoint
469,779915.154647,1433309.3381,3,2.2247930942422355e-05,0.037000364690051836,intersection
50252,786553.491295,1429443.946324,3,2.2247930942422355e-05,0.03699635676459298,endpoint
468,779915.26555,1433279.00777,3,2.2247930942422355e-05,0.03699182565894582,intersection
29805,779916.018597,1433081.883108,4,2.9663907923229807e-05,0.03693889052292616,endpoint
28419,780796.809294,1428190.115563,3,2.2247930942422355e-05,0.036925179861062,endpoint
107115,779969.058651,1430077.00659,4,2.9663907923229807e-05,0.036898123941514725,endpoint
28610,776655.894602,1438264.299657,4,2.9663907923229807e-05,0.036877076515104815,endpoint
467,779915.989046,1433090.185212,2,1.4831953961614903e-05,0.03687170434941359,endpoint
79821,782321.69143,1436289.028313,4,2.9663907923229807e-05,0.036733659966919234,endpoint
91279,772669.072492,1435673.860345,4,2.9663907923229807e-05,0.036643387131653986,intersection
132188,772598.244171,1434164.752212,2,1.4831953961614903e-05,0.03663720031405802,endpoint
132186,772564.224604,1434446.706586,2,1.4831953961614903e-05,0.036635804380786334,endpoint
33420,780303.17917,1438965.620249,3,2.2247930942422355e-05,0.03658864757572454,endpoint
29584,777836.341457,1439863.6201,4,2.9663907923229807e-05,0.03658849347809168,intersection
108471,778288.150821,1440079.873484,3,2.2247930942422355e-05,0.036582082332616714,intersection
104612,778273.754712,1440070.496013,2,1.4831953961614903e-05,0.03657267568152891,endpoint
104611,778145.028485,1440008.369003,3,2.2247930942422355e-05,0.036571278344977275,intersection
104609,778101.064567,1439987.158759,3,2.2247930942422355e-05,0.036565642160674046,endpoint
33343,786574.986696,1434838.311611,3,2.2247930942422355e-05,0.03656558747855008,endpoint
8260,786568.350803,1434951.792305,4,2.9663907923229807e-05,0.036562705617234965,intersection
2507,786558.321822,1435144.468935,4,2.9663907923229807e-05,0.03656095163920032,endpoint
111667,777921.494562,1439902.469382,3,2.2247930942422355e-05,0.03655232452851157,intersection
104604,777916.093059,1439899.91319,3,2.2247930942422355e-05,0.036545501779091875,endpoint
104610,778056.433402,1439966.451082,2,1.4831953961614903e-05,0.03654400295999739,endpoint
104605,777859.34846,1439875.928959,3,2.2247930942422355e-05,0.036537239446994114,intersection
16969,774796.610345,1441146.42508,3,2.2247930942422355e-05,0.036523547215756146,endpoint
106776,774758.793598,1441080.239675,3,2.2247930942422355e-05,0.03651410747374697,endpoint
79801,786574.775187,1434841.962663,2,1.4831953961614903e-05,0.03648660356971414,endpoint
129924,787547.137838,1430265.209222,3,2.2247930942422355e-05,0.03638525650930179,endpoint
75937,778304.611725,1440089.898692,4,2.9663907923229807e-05,0.03634535790999673,intersection
50066,773836.756037,1427670.295035,4,2.9663907923229807e-05,0.03627064413510541,intersection
28668,776626.456544,1437173.622474,4,2.9663907923229807e-05,0.03620105099464222,endpoint
129872,774856.344963,1441263.317333,3,2.2247930942422355e-05,0.03618960760207362,endpoint
28574,774645.577576,1440612.940667,4,2.9663907923229807e-05,0.03615791784153889,endpoint
77736,773071.952054,1436466.79375,4,2.9663907923229807e-05,0.036147747712837235,intersection
375,776150.62348,1433573.317594,3,2.2247930942422355e-05,0.03612163122727526,intersection
376,776094.763873,1433526.578699,3,2.2247930942422355e-05,0.0360734784603057,intersection
28573,774695.670593,1440895.93387,3,2.2247930942422355e-05,0.03603821710208269,endpoint
4399,775190.401242,1441865.304576,4,2.9663907923229807e-05,0.036023896147978206,endpoint
28421,780295.548494,1428182.082379,3,2.2247930942422355e-05,0.03601005450288183,intersection
13619,776702.787362,1437425.634416,4,2.9663907923229807e-05,0.036002091826584454,endpoint
80602,774713.755805,1440952.291938,3,2.2247930942422355e-05,0.03599762445958021,endpoint
50572,773076.321513,1436473.191677,2,1.4831953961614903e-05,0.03599398290098379,endpoint
50573,773252.823605,1436803.485352,2,1.4831953961614903e-05,0.035993328076194174,endpoint
80603,774711.296144,1440938.806884,3,2.2247930942422355e-05,0.035989408156658874,intersection
80604,774706.804682,1440930.980244,3,2.2247930942422355e-05,0.0359807295450254,intersection
16593,774951.774753,1441434.7957,3,2.2247930942422355e-05,0.035955475412152084,endpoint
16645,774858.431564,1441267.400666,3,2.2247930942422355e-05,0.03594696694820986,endpoint
28422,780249.1043,1428189.529379,3,2.2247930942422355e-05,0.03592726474090791,endpoint
124512,780024.389455,1428189.912043,2,1.4831953961614903e-05,0.035924080559528386,endpoint
132608,772672.42876,1435684.191763,2,1.4831953961614903e-05,0.035916408843091024,endpoint
107032,776527.368742,1436788.130985,4,2.9663907923229807e-05,0.03591569380585826,intersection
66769,772754.666266,1435915.974913,2,1.4831953961614903e-05,0.03591496271685533,endpoint
66770,772857.658193,1436151.029576,3,2.2247930942422355e-05,0.03591370199141908,endpoint
77683,775227.606199,1441867.569215,3,2.2247930942422355e-05,0.035887540031045384,intersection
92185,776536.160749,1436787.340629,3,2.2247930942422355e-05,0.03588556335425731,endpoint
16620,774985.853257,1441495.896548,3,2.2247930942422355e-05,0.03586589373970052,endpoint
16622,775005.771316,1441531.617542,3,2.2247930942422355e-05,0.03583202814147314,endpoint
113359,774971.810301,1441470.717075,3,2.2247930942422355e-05,0.035831202485330484,endpoint
28769,776544.623494,1436852.913229,4,2.9663907923229807e-05,0.03582907049945503,endpoint
24036,775020.2512,1441557.598416,3,2.2247930942422355e-05,0.035784311980914967,endpoint
80514,774940.277513,1433831.254937,4,2.9663907923229807e-05,0.035783151929183056,intersection
123629,775182.098594,1441851.152206,3,2.2247930942422355e-05,0.035778624518290995,endpoint
16592,775102.071425,1441703.769692,3,2.2247930942422355e-05,0.03577350478293305,endpoint
16624,775060.05671,1441628.818821,3,2.2247930942422355e-05,0.035757906319579584,endpoint
16623,775041.037716,1441594.379732,3,2.2247930942422355e-05,0.03574959732334728,endpoint
81022,776623.243673,1437161.657243,4,2.9663907923229807e-05,0.035696952179005356,endpoint
101885,784803.242534,1433470.760817,3,2.2247930942422355e-05,0.03569034612997146,endpoint
89316,785305.680754,1432633.002593,3,2.2247930942422355e-05,0.035684762521668925,intersection
35457,776597.579569,1437059.869653,3,2.2247930942422355e-05,0.035671235716878615,endpoint
89347,785661.404173,1431862.926344,3,2.2247930942422355e-05,0.03560593905281765,endpoint
107030,776519.180956,1436398.596684,4,2.9663907923229807e-05,0.03560395702589033,intersection
121905,785648.66124,1431821.336768,3,2.2247930942422355e-05,0.03560174000743364,intersection
101500,785605.550465,1432105.367072,3,2.2247930942422355e-05,0.03558681413951523,intersection
52823,778835.516683,1434581.720279,3,2.2247930942422355e-05,0.03557717733113333,endpoint
33435,780330.05553,1438409.805261,2,1.4831953961614903e-05,0.035566942213435385,endpoint
89315,785384.813662,1432504.294283,3,2.2247930942422355e-05,0.03552292322689975,intersection
101501,785593.055945,1432070.245135,3,2.2247930942422355e-05,0.035520581459287895,intersection
81489,777087.447765,1439561.987236,3,2.2247930942422355e-05,0.03549767653877277,intersection
89312,785562.300753,1432185.668731,3,2.2247930942422355e-05,0.03548767503073651,endpoint
8360,777086.088619,1439433.5983,4,2.9663907923229807e-05,0.03547479018640739,endpoint
8369,777087.200078,1439467.759479,3,2.2247930942422355e-05,0.03547389210379105,endpoint
89294,785415.247562,1432430.558177,3,2.2247930942422355e-05,0.03546742642750162,endpoint
89298,785534.758955,1432236.828976,3,2.2247930942422355e-05,0.03546526040839917,endpoint
89314,785493.948195,1432302.797573,3,2.2247930942422355e-05,0.03543950839745242,intersection
13040,777065.609739,1439198.626569,4,2.9663907923229807e-05,0.03537424549116464,endpoint
